pos_id,pos_name,distributor,city_hint,address_street,address_city,address_city_he,address_full
1210,גוד פארם,dist_5,,,,,
1046,גוד פארם אבן גבירול *ת.משלוח*,dist_5,,,,,
1047,גוד פארם דיזינגוף סנטר*ת.משלוח*,dist_5,,,,,
1048,גוד פארם הוד השרון*ת.משלוח*,dist_5,,,,,
1049,"גוד פארם הקניון הגדול פ""ת*ת.משלוח*",dist_5,,,,,
1224,גוד פארם קרית אונו,dist_5,,,,,
1050,גוד פארם קרית אונו*ת.משלוח*,dist_5,,,,,
1051,גוד פארם קרית גת*ת.משלוח*,dist_5,,,,,
1052,גוד פארם קרית מוצקין*ת.משלוח*,dist_5,,,,,
1053,"גוד פארם רוטשילד ת""א*ת.משלוח*",dist_5,,,,,
1054,גוד פארם רעננה*ת.משלוח*,dist_5,,,,,
1055,דומינוס פיצה אבן גבירול  *ת.משלוח*החל משעה 11:00 *,dist_5,,,,,
1056,דומינוס פיצה אילת *ת.משלוח* *החל מ:11:00 *,dist_5,,,,,
1057,דומינוס פיצה אשדוד סיטי *ת.משלוח* *החל משעה 11:00*,dist_5,,,,,
1058,דומינוס פיצה אשקלון *ת.משלוח* *החל מ:11:00 *,dist_5,,,,,
1059,דומינוס פיצה ב''ש מרכז  *ת.משלוח* *החל מ:11:00 *,dist_5,,,,,
1060,דומינוס פיצה ב''ש רמות *ת.משלוח* *החל מ:11:00 *,dist_5,,,,,
1061,דומינוס פיצה בת ים   *ת.משלוח* *החל משעה 11:00 *,dist_5,,,,,
1062,דומינוס פיצה גבעתיים  *ת.משלוח* *החל משעה 11:00 *,dist_5,,,,,
1063,דומינוס פיצה הגבעה הצרפתית*ת.משלוח*החל משעה11:00 *,dist_5,,,,,
1064,דומינוס פיצה הוד השרון *ת.משלוח* *החל מ:11:00 *,dist_5,,,,,
1065,דומינוס פיצה הרצליה מרכז *ת.משלוח* *החל מ: 11:00 *,dist_5,,,,,
1066,דומינוס פיצה הרצליה פיתוח *ת.משלוח* *החל מ:11:00 *,dist_5,,,,,
1067,דומינוס פיצה זכרון יעקב *ת.משלוח* *החל מ :11:00 *,dist_5,,,,,
1068,דומינוס פיצה חדרה *ת.משלוח* *החל משעה 11:00 *,dist_5,,,,,
1069,דומינוס פיצה חולון סטרומה*ת.משלוח**החל משעה 11:00*,dist_5,,,,,
1070,דומינוס פיצה חיפה אינשטיין *ת.משלוח* החל מ:11:00 *,dist_5,,,,,
1071,דומינוס פיצה חיפה נווה שאנן *ת.משלוח*החל מ 11:00 *,dist_5,,,,,
1072,דומינוס פיצה יבנה  *ת.משלוח* *החל משעה 11:00 *,dist_5,,,,,
1073,דומינוס פיצה יגאל אלון *ת.משלוח* *החל משעה 11:00 *,dist_5,,,,,
1074,דומינוס פיצה יהוד  *ת.משלוח* *החל משעה 11:00 *,dist_5,,,,,
1075,דומינוס פיצה יקנעם  *ת.משלוח* *החל מ:11:00 *,dist_5,,,,,
1077,דומינוס פיצה כפר סבא הירוקה *ת.משלוח*החל מ: 11:00*,dist_5,,,,,
1076,דומינוס פיצה כפר סבא *ת.משלוח* *החל משעה 11:00 *,dist_5,,,,,
1078,דומינוס פיצה כרמיאל  *ת.משלוח* *החל מ:11:00 *,dist_5,,,,,
1080,דומינוס פיצה מודיעין קייזר*ת.משלוח*החל משעה 11:00*,dist_5,,,,,
1079,דומינוס פיצה מודיעין *ת.משלוח*החל משעה 11:00*,dist_5,,,,,
1081,דומינוס פיצה מוריה *ת.משלוח* *החל משעה 11:00 *,dist_5,,,,,
1082,דומינוס פיצה מרכז כרמל *ת.משלוח* *החל משעה 11:00 *,dist_5,,,,,
1225,דומינוס פיצה נהריה,dist_5,,,,,
1083,דומינוס פיצה נהריה *ת.משלוח* *החל מ:11:00 *,dist_5,,,,,
1084,דומינוס פיצה נס ציונה  *ת.משלוח* *החל מ:11:00 *,dist_5,,,,,
1085,דומינוס פיצה נצרת עילית *ת.משלוח* *החל משעה 11:00*,dist_5,,,,,
1086,דומינוס פיצה נתניה מרכז *ת.משלוח* *החל מ:11:00 *,dist_5,,,,,
1087,דומינוס פיצה נתניה פולג *ת.משלוח* *החל מ:11:00 *,dist_5,,,,,
1088,דומינוס פיצה פלורנטין  *ת.משלוח* *החל משעה 11:00 *,dist_5,,,,,
1089,דומינוס פיצה פרדס חנה *ת.משלוח* *החל מ:11:00 *,dist_5,,,,,
1090,דומינוס פיצה קדימה  *ת.משלוח* *החל מ:11:00 *,dist_5,,,,,
1091,דומינוס פיצה קריון צפון  *ת.משלוח* *החל מ:11:00 *,dist_5,,,,,
1092,דומינוס פיצה קריות מרכז  *ת.משלוח* *החל מ:11:00 *,dist_5,,,,,
1093,דומינוס פיצה קרית אונו *ת.משלוח* *החל משעה 11:00 *,dist_5,,,,,
1094,דומינוס פיצה קרליבך  *ת.משלוח* *החל משעה 11:00 *,dist_5,,,,,
1095,דומינוס פיצה ראש העין  *ת.משלוח* *החל משעה 11:00 *,dist_5,,,,,
1226,דומינוס פיצה ראשון מזרח,dist_5,,,,,
1096,דומינוס פיצה ראשון מזרח *ת.משלוח**החל משעה 11:00 *,dist_5,,,,,
1097,דומינוס פיצה ראשון מערב *ת.משלוח**החל משעה 11:00 *,dist_5,,,,,
1098,דומינוס פיצה ראשון מרכז *ת.משלוח* *החל משעה 11:00*,dist_5,,,,,
1099,דומינוס פיצה רהט  *ת.משלוח* *החל מ:11:00 *,dist_5,,,,,
1100,דומינוס פיצה רחובות אזורים *ת.משלוח**החל מ:11:00 *,dist_5,,,,,
1101,דומינוס פיצה רחובות פארק המדע*ת.משלוח*החל מ:11:00*,dist_5,,,,,
1102,דומינוס פיצה רמלה *ת.משלוח* *החל מ:11:00 *,dist_5,,,,,
1103,דומינוס פיצה רמת אביב  *ת.משלוח* *החל משעה 11:00 *,dist_5,,,,,
1104,דומינוס פיצה רמת החייל *ת.משלוח* *החל משעה 11:00 *,dist_5,,,,,
1105,דומינוס פיצה רמת השרון *ת.משלוח* *החל משעה 11:00 *,dist_5,,,,,
1106,דומינוס פיצה רמת ישי  *ת.משלוח* *החל מ:11:00 *,dist_5,,,,,
1107,דומינוס פיצה רעננה *ת.משלוח* *החל משעה 11:00 *,dist_5,,,,,
1108,דומינוס פיצה תלפיות *ת.משלוח* *החל משעה 11:00 *,dist_5,,,,,
1109,"וואלט אופריישנס סרוויסס ישראל  בע""מ -   *לא להקלדה",dist_5,,,,,
867,וולט,dist_5,,,,,
1228,וולט מרקט אור יהודה,dist_5,,,,,
1229,וולט מרקט אשדוד -,dist_5,,,,,
1230,וולט מרקט אשקלון,dist_5,,,,,
1231,וולט מרקט באר שבע -,dist_5,,,,,
1232,"וולט מרקט בן יהודה ת""א-",dist_5,,,,,
1233,וולט מרקט הקריון -,dist_5,,,,,
1234,וולט מרקט הרובע ראשון -,dist_5,,,,,
1235,וולט מרקט הרצליה -,dist_5,,,,,
1236,וולט מרקט וולפסון -,dist_5,,,,,
1237,וולט מרקט חיפה -,dist_5,,,,,
1227,וולט מרקט  יד אליהו -,dist_5,,,,,
1238,וולט מרקט ירושלים -,dist_5,,,,,
1239,וולט מרקט כפר סבא,dist_5,,,,,
1240,וולט מרקט לב השרון -,dist_5,,,,,
1241,וולט מרקט מודיעין -,dist_5,,,,,
1242,וולט מרקט נס ציונה,dist_5,,,,,
1243,וולט מרקט נתניה -,dist_5,,,,,
1244,וולט מרקט סינמה ירושלים,dist_5,,,,,
1245,וולט מרקט פולג -,dist_5,,,,,
1246,וולט מרקט פלורנטין,dist_5,,,,,
1247,וולט מרקט קרית אונו  -,dist_5,,,,,
1248,וולט מרקט ראשון מערב -,dist_5,,,,,
1249,וולט מרקט רחובות   -,dist_5,,,,,
1250,וולט מרקט רמת גן,dist_5,,,,,
1251,וולט מרקט רמת השרון -,dist_5,,,,,
1252,וולט מרקט רעננה -,dist_5,,,,,
1253,"וולט מרקט ת""א צפון-",dist_5,,,,,
868,חוות נעמי,dist_5,,,,,
1110,חוות נעמי בורוכוב *ת. משלוח*,dist_5,,,,,
1111,חוות נעמי חשמונאים *ת. משלוח*,dist_5,,,,,
1112,חוות נעמי כורזין *ת. משלוח*,dist_5,,,,,
1113,חוות נעמי מודעין *ת. משלוח*,dist_5,,,,,
1114,חוות נעמי סביונים *ת. משלוח*,dist_5,,,,,
1115,חוות נעמי רעננה *ת. משלוח*,dist_5,,,,,
1116,חוות נעמי שוהם *ת. משלוח*,dist_5,,,,,
869,ינגו,dist_5,,,,,
1117,"ינגו דלי ישראל בע""מ",dist_5,,,,,
870,כרמלה,dist_5,,,,,
871,נוי השדה,dist_5,,,,,
1118,"נוי השדה אונליין פ""ת*ת.משלוח*",dist_5,,,,,
1119,נוי השדה באר יעקב *ת.משלוח*,dist_5,,,,,
1121,נוי השדה גבעתיים *ת.משלוח*,dist_5,,,,,
1120,נוי השדה גבעת שמואל *ת.משלוח*,dist_5,,,,,
1122,נוי השדה הוד השרון  *ת.משלוח*,dist_5,,,,,
1123,נוי השדה יהוד קניון סביונים *ת.משלוח*,dist_5,,,,,
1124,נוי השדה מודיעין *ת.משלוח*,dist_5,,,,,
1125,נוי השדה קרית אונו *ת.משלוח*,dist_5,,,,,
1126,נוי השדה ראש העין *ת.משלוח*,dist_5,,,,,
1127,נוי השדה ראשון נרקיסים  *ת.משלוח*,dist_5,,,,,
1128,נוי השדה רמת אפעל *ת.משלוח*,dist_5,,,,,
1129,נוי השדה שרונה מרקט *ת.משלוח*,dist_5,,,,,
1209,עוגיפלצת,dist_5,,,,,
1254,"עוגיפלצת בע""מ",dist_5,,,,,
1255,פוט לוקר,dist_5,,,,,
576,"24 הכי נוח בע""מ ! +",dist_6,,,,,
26,D&D מרקט ! + משה טטיקשוילי,dist_6,,,,,
193,SUBMARKET @ - אייל לוי,dist_6,,,,,
179,א.א.א טיק טוק ! + בועז גלט,dist_6,,,,,
200,"א.א.ל אימו בע""מ ! +",dist_6,,,,,
933,"א.א מור מרקט בע""מ ! +",dist_6,,,,,
94,א.א שיווק ממתקים @ (אשקלון) - אולג פקנייב,dist_6,,,,,
531,אבזלובה דיאנה ! + דונה אבזלובה,dist_6,,,,,
470,"א.ב.ח עסקי מזון בע""מ ! + אליאור בן חמו (2)",dist_6,,,,,
355,"אבטל.א.ש.בע""מ ^",dist_6,,,,,
920,אביאל מרקט @ - שגיא חרוש (אחד העם 21),dist_6,,,,,
290,אביאל מרקט @ - שגיא חרוש(ירושלים 14),dist_6,,,,,
1140,"אביב מזוב בע""מ @ - אריאל בביוב",dist_6,,,,,
110,"אביב מזוב בע""מ @ - אריאל בביוב (מרכז)",dist_6,,,,,
895,"אבי חן שיווק מזון 1990 בע""מ ! + בית זית",dist_6,,,,,
291,אבי מרקט ! + אבי אביטל,dist_6,,,,,
462,"אגוזים ג.א סחר ושיווק 2011 בע""מ ! + אודי גוזלן",dist_6,,,,,
398,"א.ג.ש מידטאון בע""מ ! +",dist_6,,,,,
560,"א.ד.א קמעונאות בע""מ ! + גרין מרקט",dist_6,,,,,
883,"אדיר הטבק בע""מ ! +",dist_6,,,,,
31,"אדל אחזקות שינקין מרקט בע""מ ! +",dist_6,,,,,
806,"אדמתי עבודות הנדסיות בע""מ ! -  סתריה",dist_6,,,,,
25,"אדרי בכור גרופ בע""מ ! +",dist_6,,,,,
1200,"אדרי פרש פוד בע""מ ! +",dist_6,,,,,
93,אהרון משה ! +,dist_6,,,,,
526,"און אלפיים שיווק מוצרי ניקיון (1994) בע""מ ! +",dist_6,,,,,
270,אופן ! + אבי שחבר,dist_6,,,,,
152,"אוצר הכהן בע""מ ! + (החמניה)",dist_6,,,,,
711,"אוקטגון אנרגיה בע""מ ! - רמלה הבנים 215",dist_6,,,,,
898,"אור השפע פירות וירקות בע""מ ! +",dist_6,,,,,
728,אור וידר ! + (ספרינט אשל השומרון 120) (מגוון מלא),dist_6,,,,,
366,"אור לולאי בע""מ ! + (סבן אקספרס)",dist_6,,,,,
558,אחד למיליון ! + איציק בן,dist_6,,,,,
323,"אחים לרכש בע""מ ! +(סיטי מרקט)",dist_6,,,,,
69,"אחים מזרחי סוכנויות מזון בע""מ ^",dist_6,,,,,
1207,אחלה מקום ! + גריגורי זובקוב,dist_6,,,,,
40,אטרף ! + סלאמא יעקב,dist_6,,,,,
199,איאש יהודה ! +,dist_6,,,,,
523,אי וואי סטודיו ! + יקיר בן חמו ואדיר דבוש,dist_6,,,,,
218,"איזי סטופ בע""מ Easy stop ! + ראס אל עמוד",dist_6,,,,,
429,"איי. אם רשת חנויות נוחות בגין בע""מ ! +",dist_6,,,,,
22,"אילן אליאב בע""מ ! + סופר דיזינגוף",dist_6,,,,,
699,אילן שגב ! + מנטה יזראמקס 029,dist_6,,,,,
1142,אימפריה מתוקה @ - תום חן,dist_6,,,,,
375,אינטרכל פת ^ בן סעדון חיים (לקוח),dist_6,,,,,
169,"אל אג'אויד בע""מ ! +",dist_6,,,,,
1,"אלאדין שוק ממתקים 2018 בע""מ ! + אסף עזריה",dist_6,,,,,
264,"אל איי - ל.ה.ב פרוייקטים בע""מ ! +",dist_6,,,,,
1206,"אלוף האגוזים בע""מ ! +",dist_6,,,,,
734,"אלוף קמעונאות בע""מ ! + (סונול 305)",dist_6,,,,,
340,אלי ורוני שקורי ! +,dist_6,,,,,
446,אלי מרקט ! + אפריים כרמלה,dist_6,,,,,
459,"אלמה מרקט מודיעין בע""מ ! + מודיעין 099",dist_6,,,,,
530,"אלמה מרקט קימעונאות ל.ה בע""מ ! + גבעתיים 024",dist_6,,,,,
372,"אלמה מרקט קימעונאות ל.ה בע""מ ! + דיזינגוף 191 009",dist_6,,,,,
397,"אלמה מרקט קימעונאות ל.ה בע""מ ! + דיזינגוף 253 003",dist_6,,,,,
529,"אלמה מרקט קימעונאות ל.ה בע""מ ! + כפר סבא 017",dist_6,,,,,
335,"אלמה מרקט קימעונאות ל.ה בע""מ ! + -משה סנה 011",dist_6,,,,,
338,"אלמה מרקט קימעונאות ל.ה בע""מ ! + נווה דקלים 020",dist_6,,,,,
339,"אלמה מרקט קימעונאות ל.ה בע""מ ! + נרקיסים 021",dist_6,,,,,
1133,"אלמה מרקט קימעונאות ל.ה בע""מ ! + ראשון לציון 002",dist_6,,,,,
337,"אלמה מרקט קימעונאות ל.ה בע""מ ! + רמת גן 013",dist_6,,,,,
336,"אלמה מרקט קימעונאות ל.ה בע""מ ! + רמת השרון 001",dist_6,,,,,
1204,"אלמה מרקט קימעונאות ל.ה בע""מ ! + רעננה 007",dist_6,,,,,
650,"אלמוכתאר דלק גולני דרום בע""מ ! + 111",dist_6,,,,,
352,אלעד שיווק גלידות ! + אלעד רביבו,dist_6,,,,,
62,"אלף יזמות וקימונאות בע""מ ! +",dist_6,,,,,
581,"אם.טי.אסס שיווק בע""מ ! +",dist_6,,,,,
568,"אם.טי.אסס שיווק בע""מ ! + סבן אקספרס",dist_6,,,,,
508,"א.מ בר קפה בע""מ @ - אמיר מסעוד לוי",dist_6,,,,,
917,"א.מ.י.ב מרקט בע""מ ! +",dist_6,,,,,
108,אמיד שיווק ! + איליה רבינוביץ,dist_6,,,,,
296,"אמן מינימרקט בע""מ ! +",dist_6,,,,,
109,"א.מ. נובה שיווק וסחר בע""מ ! +",dist_6,,,,,
288,"א.ס. סופר צ'יפ 2015 בע""מ @ - אבישג חדד",dist_6,,,,,
1161,אסף מהשדה ! + נתנאל יעקובוב,dist_6,,,,,
19,"אפי סלמן בע""מ ! + (בילו)",dist_6,,,,,
378,אפיק קופר ! + (קופר מרקט),dist_6,,,,,
326,אפנדיס @ - גרשון אופק (סבן אקספרס),dist_6,,,,,
289,אפנדיס ממתקים @ -אסף הראלי,dist_6,,,,,
116,אצל ברק בשכונה ! + ברק אמיר,dist_6,,,,,
194,אצל שוקרון ! + ליאור ודודו שוקרון,dist_6,,,,,
168,"א.צ. מיסטר מרקט בע""מ ! +",dist_6,,,,,
573,"א.קורב שיווק בע""מ ! + החמניה",dist_6,,,,,
304,אקספרס חוויה מתוקה ! + אלעד וניצן שירזי,dist_6,,,,,
223,אקספרס מרקט ! + רמיל גורשומוב,dist_6,,,,,
157,"ארומה סלעית המדבר בע""מ אילת-",dist_6,,,,,
83,"ארטיק מסטיק בע""מ ! +",dist_6,,,,,
197,ארטיק פלוס ! + אור אוזן,dist_6,,,,,
563,"ארקטיקה פוד בע""מ ! +",dist_6,,,,,
301,"ארקטיקה פוד בע""מ ! + (מרכז)",dist_6,,,,,
1132,"א.ש בוטיק טבע ובריאות בע""מ ! +",dist_6,,,,,
466,"א.ש מרשמלו בע""מ ! +",dist_6,,,,,
271,"א.ש. ענק המזון בע""מ ! +",dist_6,,,,,
689,אשר איתח ! + דלק פארק צרעה 360  - מרכז,dist_6,,,,,
1193,אשר אתי ומסלטי אורטל ! +,dist_6,,,,,
381,"אתי אדן בע""מ ! +",dist_6,,,,,
899,באבא שופ ! + מיכאל בושנסקי,dist_6,,,,,
379,באבלס ! + זאב מרק ורועי דניאל,dist_6,,,,,
158,"בא לי משהו מתוק בע""מ ! +",dist_6,,,,,
1159,באר מרקט ! + ראובן בר ואדם ג'ק,dist_6,,,,,
220,בובה של סופר ! + עוז פרץ,dist_6,,,,,
874,בוסט ! + כהן שמעון,dist_6,,,,,
383,"בוסתן השכונה בע""מ ! +",dist_6,,,,,
537,ביג מרקט ! + יצחקוב אביחי,dist_6,,,,,
277,בית הגלידה ! + לירון לוי,dist_6,,,,,
111,"בכיפשלנו מרקט בע""מ ! +",dist_6,,,,,
114,"בלדי סופרמרקט בע""מ ! +",dist_6,,,,,
465,בלה מרקט ! + ראובן גבריאלוב,dist_6,,,,,
1158,"ב.ל השכונה שיווק מזון וירקות בע""מ ! + >",dist_6,,,,,
918,"ב.ל השכונה שיווק מזון וירקות בע""מ ! + (אלמה מרקט)",dist_6,,,,,
388,"ב.ל השכונה שיווק מזון וירקות בע""מ ! + (מגוון מלא)",dist_6,,,,,
182,"ב.ל. השכונה שיווק מזון וירקות בע""מ ! +(מגוון מלא)",dist_6,,,,,
162,בלו בדרך שלך ! + בר דוד דגמי ואורי שלום,dist_6,,,,,
178,"בן עידן אילת בע""מ ! +",dist_6,,,,,
317,"בני יואלי בע""מ ! + פונדק אלביס",dist_6,,,,,
942,בני כלפון ושחר רוקח ! +,dist_6,,,,,
219,"בני סופרון בע""מ @ - כהן בנימין",dist_6,,,,,
1211,"בעל השדה פירות וירקות בע""מ ! +",dist_6,,,,,
73,"בעלי המלאכה השקעות ונכסים בע""מ ! + (""ננה מרקט"")",dist_6,,,,,
170,בראשית ! + ענת ועופר בללי,dist_6,,,,,
186,ברגע האחרון ! + זיו זלמן שאבי,dist_6,,,,,
892,ברכת דוד ! + זגורי את חזן,dist_6,,,,,
71,"ברכת הארץ 26 שיווק מזון בע""מ ! +",dist_6,,,,,
774,ברק מרקט ברק ולנטין ! + (ספרינט מרקט 064),dist_6,,,,,
487,"ג.א.א מרקט בע""מ ! +",dist_6,,,,,
396,"ג.א גילקרוב בע""מ ! + (סיטי מרקט)",dist_6,,,,,
295,"ג. גלידות בעיר כ""ס בע""מ ! +יוחנן הסנדלר גבריאל גל",dist_6,,,,,
580,"ג. גלידות בעיר כ""ס בע""מ ! +(רוטשילד)  גבריאל גל",dist_6,,,,,
66,"ג. גלידות בעיר פ""ת בע""מ ! + גל גבריאל (מרכז)",dist_6,,,,,
1201,"גד גבריאל החזקות בע""מ ! +",dist_6,,,,,
328,גודיז  GOODIZ ! + שרון משען,dist_6,,,,,
651,"גולדאור מ.ש.מ טכנולוגיות בע""מ ! + מעייני שמחה 186",dist_6,,,,,
439,גולד מרקט ! + משה ציקי ושרית אקדע,dist_6,,,,,
565,"גושי מרקט בע""מ ! +",dist_6,,,,,
68,"ג'חבורג בע""מ ! + דור ושרון אליהו",dist_6,,,,,
341,"ג.י. מתוק בע""מ ! + גדעון יקר",dist_6,,,,,
409,גלגלידה ! + אשטון לירון,dist_6,,,,,
921,"גלוריה קריספין נכסים בע""מ ! +",dist_6,,,,,
882,"גלידהלה שיווק גלידה בע""מ ! +",dist_6,,,,,
92,גלידה פלוס ! + עופר סיגאוי,dist_6,,,,,
407,גלידוש ! + אהרון אליהו,dist_6,,,,,
428,"גלידוש א.ל.ע. בע""מ",dist_6,,,,,
414,"גלידוש א.ל.ע. בע""מ ! +",dist_6,,,,,
909,גלידוש ! + חן חדאד,dist_6,,,,,
533,גלידוש ! + חן חדאד  (מרכז),dist_6,,,,,
875,גלידות דהן נאור אסולין ! +,dist_6,,,,,
1147,גלידות פלדמן ! + דהן רונית ואלי,dist_6,,,,,
343,גלידות פלדמן שאול ! + שאול פדלון,dist_6,,,,,
67,"גלידנית רשת חנויות גלידה בע""מ ! + (רמת גן)",dist_6,,,,,
401,גלידרה ! + מחלוף אוחננה,dist_6,,,,,
362,"ג.ל. שי הפצה בע""מ ! + סופר האחים גבאי",dist_6,,,,,
241,"ג.נ ברוך קמעונאות בע""מ ! +",dist_6,,,,,
115,"גני יער בע""מ ! +",dist_6,,,,,
389,"גפנס מרקט חנויות נוחות בע""מ ! +",dist_6,,,,,
6,"ג.ר ביטון שיווק בע""מ ! +",dist_6,,,,,
1137,"גרבי שמואל הובלות ועבודות עפר בע""מ ! +",dist_6,,,,,
298,"גרבי שמואל הובלות ועבודות עפר בע""מ ! + (אשקלון)",dist_6,,,,,
1196,"גרעיני עפולה חממה בע""מ @ (סוקולוב)",dist_6,,,,,
956,"גרעיני עפולה חממה בע""מ @ (סוקולוב 27)",dist_6,,,,,
246,"ג.ש נירוונה 59 בע""מ ! +",dist_6,,,,,
151,"דוד דניאל שיווק וקמעונאות בע""מ ! + (החמניה)",dist_6,,,,,
750,"דוידה אחזקות בע""מ ! + סיטי מרקט תובל 905",dist_6,,,,,
584,דור אלון (AM:PM) אבא הלל 564,dist_6,,,,,
640,דור אלון (AM:PM) אבן גבירול- 508,dist_6,,,,,
610,דור אלון (AM:PM) אבן גבירול 91 557,dist_6,,,,,
627,דור אלון (AM:PM) אילנות חיפה 596,dist_6,,,,,
585,דור אלון (AM:PM) אלנבי 505,dist_6,,,,,
620,דור אלון (AM:PM) אלנבי 56 577,dist_6,,,,,
622,דור אלון (AM:PM)  אלנבי 69   568,dist_6,,,,,
1213,דור אלון (AM:PM) ארלוזרוב 503,dist_6,,,,,
621,דור אלון (AM:PM) ארלוזרוב 576 (052),dist_6,,,,,
611,דור אלון (AM:PM) בוגרשוב 534,dist_6,,,,,
586,דור אלון (AM:PM) בן גוריון 529,dist_6,,,,,
601,דור אלון (AM:PM) בן גוריון בת ים 571,dist_6,,,,,
612,דור אלון (AM:PM) בן יהודה 501 (030),dist_6,,,,,
641,דור אלון (AM:PM) ברודצקי 544,dist_6,,,,,
603,דור אלון (AM:PM)  בת-ים ז'בוטינסקי 595,dist_6,,,,,
613,דור אלון (AM:PM) גורדון 514,dist_6,,,,,
624,דור אלון (AM:PM) דניה חיפה  580,dist_6,,,,,
604,דור אלון (AM:PM) דרך השלום 401,dist_6,,,,,
659,דור אלון (AM:PM) הדר נס ציונה 551,dist_6,,,,,
587,דור אלון (AM:PM) הוד השרון 549,dist_6,,,,,
646,דור אלון (AM:PM) החשמונאים 563,dist_6,,,,,
614,דור אלון (AM:PM) היי מרקט 524  (בן יהודה 061),dist_6,,,,,
590,דור אלון AM:PM הנשיא הרצליה פיתוח 545,dist_6,,,,,
625,דור אלון (AM:PM) העצמאות חיפה 581,dist_6,,,,,
596,דור אלון (AM:PM) הקוממיות 579 (016),dist_6,,,,,
623,דור אלון (AM:PM) הקסטל 17 סניף 578,dist_6,,,,,
599,דור אלון (AM:PM) הרוגי המלכות 558,dist_6,,,,,
602,דור אלון (AM:PM) הרצל 061  סניף 570,dist_6,,,,,
588,דור אלון (AM:PM) הרצל 511,dist_6,,,,,
589,דור אלון (AM:PM) הרצליה סוקולוב 537,dist_6,,,,,
591,דור אלון (AM:PM) ווינשל 554,dist_6,,,,,
592,דור אלון (AM:PM) ז'בוטינסקי 044 536,dist_6,,,,,
593,דור אלון (AM:PM) ז'בוטינסקי 86 517,dist_6,,,,,
687,"דור אלון (AM:PM) ז'בוטינסקי ת""א 518",dist_6,,,,,
688,דור אלון (AM:PM) זמנהוף 509,dist_6,,,,,
626,דור אלון (AM:PM) חדרה 594,dist_6,,,,,
642,דור אלון (AM:PM) טברסקי 540,dist_6,,,,,
629,דור אלון (AM:PM) טירת הכרמל 599,dist_6,,,,,
647,"דור אלון (AM:PM)  טשרניחובסקי כ""ס 582",dist_6,,,,,
645,דור אלון (AM:PM) יהודה הלוי 560,dist_6,,,,,
594,דור אלון (AM:PM) י.ל פרץ 533,dist_6,,,,,
595,דור אלון (AM:PM) כלבו שלום 512,dist_6,,,,,
658,דור אלון (AM:PM) כצנלסון 531,dist_6,,,,,
643,דור אלון (AM:PM) לינקולן 510,dist_6,,,,,
671,דור אלון (AM:PM) מוריה 591,dist_6,,,,,
609,דור אלון (AM:PM) מושבה גרמנית חיפה 403,dist_6,,,,,
597,דור אלון (AM:PM) נווה מונסון 548,dist_6,,,,,
615,דור אלון (AM:PM) נורדאו 504,dist_6,,,,,
628,דור אלון (AM:PM) נרקיסים 597,dist_6,,,,,
600,דור אלון (AM:PM) סלוניקי 566,dist_6,,,,,
670,דור אלון (AM:PM) עליית הנוער 556,dist_6,,,,,
598,דור אלון (AM:PM) פרנקל 513,dist_6,,,,,
617,דור אלון (AM:PM)  קינג ג'ורג' 506,dist_6,,,,,
648,דור אלון (AM:PM)  קריית אונו 583,dist_6,,,,,
583,דור אלון (AM:PM)  קרית ביאליק 402,dist_6,,,,,
649,"דור אלון (AM:PM)  קרית חיים 404 (אח""י אילת חיפה)",dist_6,,,,,
1030,דור אלון (AM:PM) קרית מוצקין 415,dist_6,,,,,
644,דור אלון (AM:PM)  שד' יהודית 542,dist_6,,,,,
618,דור אלון (AM:PM)  שנקין 024 507,dist_6,,,,,
619,דור אלון (AM:PM)  שנקין 097 535,dist_6,,,,,
1130,דור אלון-אלונית אורים 651,dist_6,,,,,
818,דור אלון-אלונית אילות 969,dist_6,,,,,
801,דור אלון-אלונית בית דגן 918,dist_6,,,,,
772,דור אלון-אלונית בית השיטה 652,dist_6,,,,,
997,דור אלון-אלונית במושב-גבע כרמל 727,dist_6,,,,,
996,דור אלון-אלונית במושב מגדים 730,dist_6,,,,,
783,דור אלון-אלונית בני דרור 808,dist_6,,,,,
1010,דור אלון-אלונית ברור חיל 723,dist_6,,,,,
1134,דור אלון-אלונית גבים 905,dist_6,,,,,
1020,דור אלון-אלונית גבעת עוז 661,dist_6,,,,,
781,דור אלון-אלונית גן הצפון 912,dist_6,,,,,
770,דור אלון-אלונית גני חוגה 933,dist_6,,,,,
773,דור אלון-אלונית גשר הזיו 648,dist_6,,,,,
738,דור אלון-אלונית דבירה 927,dist_6,,,,,
861,דור אלון-אלונית דגניה א-קיבוץ 707,dist_6,,,,,
1040,דור אלון-אלונית דרך נמיר 850,dist_6,,,,,
714,דור אלון-אלונית האון 804,dist_6,,,,,
785,דור אלון-אלונית הזורע 921,dist_6,,,,,
821,דור אלון-אלונית העוגן 710,dist_6,,,,,
819,דור אלון-אלונית חדרה מזרח 968,dist_6,,,,,
800,דור אלון-אלונית חוקוק 914,dist_6,,,,,
1151,דור אלון-אלונית חיפה-עוקף קריות 820,dist_6,,,,,
716,דור אלון-אלונית חריש 853,dist_6,,,,,
816,דור אלון-אלונית טל שחר 961,dist_6,,,,,
994,דור אלון-אלונית יזרעאל 852,dist_6,,,,,
713,דור אלון-אלונית יקום 955,dist_6,,,,,
1029,דור אלון-אלונית ירושלים הרכבים 801,dist_6,,,,,
739,דור אלון-אלונית כפר טרומן 952,dist_6,,,,,
742,דור אלון-אלונית כפר יונה 865,dist_6,,,,,
1009,דור אלון-אלונית כפר עזה 653,dist_6,,,,,
768,"דור אלון-אלונית כרם מהר""ל-עין איילה צ.עופר 910",dist_6,,,,,
717,דור אלון-אלונית להבות חביבה 647,dist_6,,,,,
784,דור אלון-אלונית לטרון 935,dist_6,,,,,
735,דור אלון-אלונית מגל מזרח 948 (צפון),dist_6,,,,,
712,דור אלון-אלונית מגל מערב 947,dist_6,,,,,
718,דור אלון-אלונית מושב אחיטוב 719,dist_6,,,,,
786,דור אלון-אלונית מושב בית יהושע 706,dist_6,,,,,
964,דור אלון-אלונית מושב שדי חמד 715,dist_6,,,,,
847,דור אלון-אלונית מזרע 860,dist_6,,,,,
995,דור אלון-אלונית מכמורת 721,dist_6,,,,,
820,דור אלון-אלונית מעלות העיר 829,dist_6,,,,,
1152,דור אלון-אלונית מענית 922,dist_6,,,,,
730,דור אלון-אלונית מצפה הימים צפת 913,dist_6,,,,,
802,דור אלון-אלונית מצפה רמון 811,dist_6,,,,,
805,דור אלון-אלונית נווה ירק 709,dist_6,,,,,
804,דור אלון-אלונית ניר אליהו 600,dist_6,,,,,
1045,דור אלון-אלונית ניר בנים 839,dist_6,,,,,
737,דור אלון-אלונית נען מזרח 940,dist_6,,,,,
736,דור אלון-אלונית נען מערב 941,dist_6,,,,,
740,"דור אלון-אלונית נתב""ג 906",dist_6,,,,,
769,דור אלון-אלונית עין כרמל 911,dist_6,,,,,
724,דור אלון-אלונית עינת 666,dist_6,,,,,
846,דור אלון-אלונית עכו 960,dist_6,,,,,
803,דור אלון-אלונית עמיעד 843,dist_6,,,,,
771,דור אלון-אלונית ערד 949,dist_6,,,,,
817,דור אלון-אלונית פתחיה 944,dist_6,,,,,
715,דור אלון-אלונית פתח תקווה-בלינסון 814,dist_6,,,,,
780,דור אלון-אלונית צומת הגומא 658,dist_6,,,,,
962,דור אלון-אלונית קיבוץ יסעור 644,dist_6,,,,,
1021,דור אלון-אלונית קיבוץ כפר הנשיא 702,dist_6,,,,,
998,דור אלון-אלונית קיבוץ מעוז חיים 711,dist_6,,,,,
963,דור אלון-אלונית קרית השרון 842,dist_6,,,,,
741,דור אלון-אלונית תדהר 930,dist_6,,,,,
782,דור אלון-אלונית תל יצחק 925,dist_6,,,,,
732,דור אלון-דוכן גן שמואל 733,dist_6,,,,,
616,"דור אלון ניהול מתחמים בע""מ (AM:PM) נחלת יצחק 519",dist_6,,,,,
1018,"דור אלון ניהול מתחמים בע""מ- אלונית גן יבנה 903",dist_6,,,,,
1019,"דור אלון ניהול מתחמים בע""מ-אלונית נווה ירק 978",dist_6,,,,,
719,דור אלון- סופר אלונית דוכן צמח 824,dist_6,,,,,
1171,דור אלון-סופר אלונית מושב לכיש 717,dist_6,,,,,
1031,דור אלון-סופר אלונית מושב נהלל 724,dist_6,,,,,
725,דור אלון- סופר אלונית משמר השרון 655,dist_6,,,,,
731,דור אלון- סופר אלונית עין-שמר 656,dist_6,,,,,
726,דור אלון-סופר אלונית עינת 657,dist_6,,,,,
164,דור מרקט @ - דור וין,dist_6,,,,,
150,"די.אן.או החזקות בע""מ ! +",dist_6,,,,,
201,דיזרט ! + אלכסנדר ואירית,dist_6,,,,,
947,דיל וזול - אבן שמואל 006,dist_6,,,,,
305,דלי קרים פיצוחי גיל ! + אדם גיל,dist_6,,,,,
385,דלק ח.י היובל ! + סיגל לוי חי,dist_6,,,,,
999,דלק מיתר ! + מישל בוחניק 175,dist_6,,,,,
632,"דלק מנטה קמעונאות דרכים בע""מ אפיקים 050",dist_6,,,,,
695,"דלק מנטה קמעונאות דרכים בע""מ אשקלון צה""ל 049",dist_6,,,,,
661,"דלק מנטה קמעונאות דרכים בע""מ באר יעקב 181 (מרקט)",dist_6,,,,,
690,"דלק מנטה קמעונאות דרכים בע""מ ברור חיל 276",dist_6,,,,,
634,"דלק מנטה קמעונאות דרכים בע""מ גבעת זאב 278 (מרקט)",dist_6,,,,,
746,"דלק מנטה קמעונאות דרכים בע""מ גוש עציון 145",dist_6,,,,,
677,"דלק מנטה קמעונאות דרכים בע""מ גיבורי ישראל 032",dist_6,,,,,
682,"דלק מנטה קמעונאות דרכים בע""מ גן נר 323",dist_6,,,,,
1022,"דלק מנטה קמעונאות דרכים בע""מ דימונה 063",dist_6,,,,,
747,"דלק מנטה קמעונאות דרכים בע""מ טירת הכרמל 377 (מרקט)",dist_6,,,,,
1141,"דלק מנטה קמעונאות דרכים בע""מ מבוא ביתר 229 (מרקט)",dist_6,,,,,
720,"דלק מנטה קמעונאות דרכים בע""מ- מבוא ביתר 229 (מרקט)",dist_6,,,,,
633,"דלק מנטה קמעונאות דרכים בע""מ מגשימים 135 (מרקט)",dist_6,,,,,
700,"דלק מנטה קמעונאות דרכים בע""מ מזכרת בתיה 261 (מרקט)",dist_6,,,,,
655,"דלק מנטה קמעונאות דרכים בע""מ מינואט 365",dist_6,,,,,
674,"דלק מנטה קמעונאות דרכים בע""מ מסמיה 008 (מרקט)",dist_6,,,,,
701,"דלק מנטה קמעונאות דרכים בע""מ נחשון 040",dist_6,,,,,
676,"דלק מנטה קמעונאות דרכים בע""מ נתב""ג 373 (מרקט)",dist_6,,,,,
696,"דלק מנטה קמעונאות דרכים בע""מ עפולה העמקים 198",dist_6,,,,,
654,"דלק מנטה קמעונאות דרכים בע""מ עפולה יוקלר 039",dist_6,,,,,
675,"דלק מנטה קמעונאות דרכים בע""מ פרנס (רחובות) 286",dist_6,,,,,
727,"דלק מנטה קמעונאות דרכים בע""מ צומת אורה 162",dist_6,,,,,
656,"דלק מנטה קמעונאות דרכים בע""מ קאנטרי ב""ש 378 (מרקט)",dist_6,,,,,
721,"דלק מנטה קמעונאות דרכים בע""מ קסטל 354 (מרקט)",dist_6,,,,,
822,"דלק מנטה קמעונאות דרכים בע""מ קריית עקרון 227",dist_6,,,,,
653,"דלק מנטה קמעונאות דרכים בע""מ קרית אתא 314 (מרקט)",dist_6,,,,,
748,"דלק מנטה קמעונאות דרכים בע""מ רוקח 387",dist_6,,,,,
652,"דלק מנטה קמעונאות דרכים בע""מ רמת אביב 042 (מרקט)",dist_6,,,,,
745,"דלק מנטה קמעונאות דרכים בע""מ שד' הנשיא 023 (מרקט)",dist_6,,,,,
605,"דלק מנטה קמעונאות דרכים בע""מ שדה עוזיה 348",dist_6,,,,,
684,"דלק מנטה קמעונאות דרכים בע""מ שדה תרומות 345",dist_6,,,,,
683,"דלק מנטה קמעונאות דרכים בע""מ שלומי 233",dist_6,,,,,
631,"דלק מנטה קמעונאות דרכים בע""מ - שעריים 037 (מרקט)",dist_6,,,,,
704,דלק מנטה קמעונאות דרכים -  הרצליה פיתוח 7007,dist_6,,,,,
889,"דני מעדניה בע""מ ! +",dist_6,,,,,
571,"דראגסטור אנה דרך הים ק.ים בע""מ ! +",dist_6,,,,,
453,"ד.ר.ד. הסופר שלי (1999) בע""מ ! +",dist_6,,,,,
911,דריה מרקט ! + רונן דרהם,dist_6,,,,,
347,"האחים אפריאט בע""מ ! +",dist_6,,,,,
525,"האחים ריבאני בע""מ ! +",dist_6,,,,,
27,"הבוטקה פינת זרחי בע""מ ! +",dist_6,,,,,
562,הבית של פיסטוק  @ - לידור כהן,dist_6,,,,,
463,"הגלידה שלנו בע""מ ! +",dist_6,,,,,
484,הגלידות של קים ! + בן חמו ברנרד,dist_6,,,,,
890,הדקה ה 90 ! + רונן מלכה,dist_6,,,,,
145,"הולמרדן בע""מ ! +",dist_6,,,,,
1167,"החמניה אפקה שלום בע""מ ! +",dist_6,,,,,
371,"החמניה קרית חיים בע""מ ! +",dist_6,,,,,
480,"החמניה רומי בע""מ ! + חייים",dist_6,,,,,
925,"הילס מרקט בע""מ ! +",dist_6,,,,,
1185,"הילס מרקט בע""מ ! + (מגוון מלא)",dist_6,,,,,
445,"היסטריה בע""מ @ + איתמר כהן",dist_6,,,,,
123,"היפר מור בע""מ ! +",dist_6,,,,,
1190,"הכפריה של שוויק בע""מ ! +",dist_6,,,,,
185,"הממתקיה ל.ר.ק בע""מ ! +",dist_6,,,,,
479,הממתקיה ! + ראם חן,dist_6,,,,,
1168,הממתקים של רוי ! + מישייב איתן,dist_6,,,,,
235,המקום של אריק ! + אריק זכות,dist_6,,,,,
541,המקום של בון בון ! + עדי ודבורה,dist_6,,,,,
958,"המקום של ניר בע""מ ! +",dist_6,,,,,
236,המקום של רובי פינת הטאבון @ - נוגה אשר,dist_6,,,,,
500,"המרקטון השכונתי בע""מ ! +",dist_6,,,,,
1155,"המרקט שלי גיא דניאל השקעות בע""מ ! + (כצנלסון)",dist_6,,,,,
937,"המרקט שלי גיא דניאל השקעות בע""מ ! + מרכז",dist_6,,,,,
922,"המרקט שלי גיא דניאל השקעות בע""מ ! + (עמק חפר 51)",dist_6,,,,,
444,המתוקים של דיוד @ (מודיעין) - דוד אוסטר,dist_6,,,,,
95,"המתוקים של שטרית ב""ש בע""מ ! + (לקוח)",dist_6,,,,,
395,הסופר של שלמה ! + שלמה שמחייב,dist_6,,,,,
924,"העגלה הזולה ארד בע""מ ! + מרכז",dist_6,,,,,
234,הפינה ! + אבני דודו ואופיר,dist_6,,,,,
165,הפינה המתוקה ! + אבי שחבר,dist_6,,,,,
957,הפינה המתוקה של ליקוש ! + מישייב עזרא דידי יהודית,dist_6,,,,,
70,הפינה - @ שי ניסים,dist_6,,,,,
74,הפינה שלי ! + חיים אברמוביץ,dist_6,,,,,
273,הפיצוחיה של מנש ! + מנשה צפר,dist_6,,,,,
252,הפיצוציה של חי ! + אלי אטיאס,dist_6,,,,,
449,הפיצפוציה ! + משה מנשירוב,dist_6,,,,,
119,הצהלאני ! + אריאל מלכה,dist_6,,,,,
86,הצומת של אריק ! + אריק אריאל בן עזר,dist_6,,,,,
1172,"הצרכנייה במרשה בע""מ ! +",dist_6,,,,,
313,הקבלן מרקט @ - פרץ עמדי,dist_6,,,,,
184,הקולה בעיר כוכב הצפון ! + רומן קרלין,dist_6,,,,,
120,הקולה בעיר נס ציונה ! + אלי ויזן טל שמולביץ,dist_6,,,,,
1216,הקולה בעיר ! + תום יהונתן,dist_6,,,,,
166,הקונטיינר גלידה ! +  פתח תקווה- בירן אסתר חיה,dist_6,,,,,
23,"הראשון ברחוב הירקון בע""מ ! +",dist_6,,,,,
491,"השוק של גבעתיים בע""מ ! +",dist_6,,,,,
292,"השוק של יהוד א.ר בע""מ ! +",dist_6,,,,,
269,התרנגול שיווק ביצים ומ ! +,dist_6,,,,,
302,וגאס @ - דניאל שאטי,dist_6,,,,,
275,וואו קפה ! + עינת הולנדר,dist_6,,,,,
692,ורד שיווק ממתקים ! + חואגה לוטפי (מרכז),dist_6,,,,,
936,זול ובגדול- כפר עזר,dist_6,,,,,
954,זול ובגדול- פסגת זאב הגדול,dist_6,,,,,
744,זיו בן אור ! + דלק מנטה דרך הים (יבנה) 190 (מרקט),dist_6,,,,,
787,"זר תחנות דלק בע""מ- גל ראשונים אשדוד 263",dist_6,,,,,
723,"זר תחנות דלק בע""מ נחלים 69 - (סונול)",dist_6,,,,,
1182,"חגי וגיל מסחר בע""מ ! +",dist_6,,,,,
255,"חג פרג בע""מ ! +",dist_6,,,,,
75,חג פרג ראס אל עמוד ! +,dist_6,,,,,
534,חוש הטעם ! + פסח דוד,dist_6,,,,,
901,חלום מתוק (בת-ים) ! + וקנין ישראל (מרכז),dist_6,,,,,
248,חלום מתוק @ - עומר סבג,dist_6,,,,,
467,חלום של מקום @ - איציק אביטל,dist_6,,,,,
406,"ח.ל. פירות בע""מ ! +",dist_6,,,,,
327,"חן אילוז בע""מ ! +",dist_6,,,,,
324,"ח.נ משקאות בע""מ ! +",dist_6,,,,,
1191,"ח.נ משקאות בע""מ ! + יהושע הצורף באר שבע",dist_6,,,,,
1215,"טאיו אשיאן חיפה ט.א בע""מ ! +",dist_6,,,,,
64,"טאיו אשיאן פוד א.א.ט בע""מ ! +",dist_6,,,,,
471,טבק סנטר ! + שפילמן עוז,dist_6,,,,,
577,טוטו גיל ! + משה נועם יחזקאל,dist_6,,,,,
140,"טופז איתן שיווק גלידות ומוצרים קפואים בע""מ ! +",dist_6,,,,,
10,טופיקס ! + אדס אסנת,dist_6,,,,,
497,טיב טעם - ארלוזרוב-סיטי- 074,dist_6,,,,,
286,טיב טעם - אשדוד (ET)-מתחם סטאר סנטר 3,dist_6,,,,,
373,טיב טעם - אשקלון (ET) - 007,dist_6,,,,,
932,טיב טעם בית הדובדבן - קריית אונו - 085,dist_6,,,,,
213,טיב טעם - בת ים - 006,dist_6,,,,,
107,טיב טעם דלי - כורזין -סיטי-082,dist_6,,,,,
461,"טיב טעם דלי - מונטיפיורי פ""ת - 087",dist_6,,,,,
436,טיב טעם - דלי סירקין -סיטי-068,dist_6,,,,,
59,טיב טעם - הוד השרון (ET) - 024,dist_6,,,,,
217,טיב טעם - חולון סיטי -סיטי- 079,dist_6,,,,,
460,טיב טעם  - חולון עזריאלי -020,dist_6,,,,,
506,טיב טעם - טופ דן-סיטי - 056,dist_6,,,,,
155,טיב טעם - יגאל אלון - דלי -080,dist_6,,,,,
58,טיב טעם - יהוד -021,dist_6,,,,,
891,טיב טעם - יהודה מכבי-סיטי- 075,dist_6,,,,,
154,טיב טעם - כפר סבא הירוקה- 093,dist_6,,,,,
56,טיב טעם - כרמיאל - 010,dist_6,,,,,
156,"טיב טעם - מאז""ה -סיטי- 057",dist_6,,,,,
215,טיב טעם - מודיעין ישפרו - 017,dist_6,,,,,
435,טיב טעם - מפגש מזרע -030,dist_6,,,,,
212,טיב טעם - נתניה (ET) - 002,dist_6,,,,,
496,טיב טעם - פרישמן-סיטי- 071,dist_6,,,,,
1222,טיב טעם - צומת סביון - 025,dist_6,,,,,
955,טיב טעם - קינג ג'ורג' -סיטי-089,dist_6,,,,,
374,טיב טעם - קיסריה (ET) - 023,dist_6,,,,,
21,טיב טעם - קניון דרורים -022,dist_6,,,,,
57,טיב טעם - קריות (ET)-012,dist_6,,,,,
216,טיב טעם - קרית מוצקין 094,dist_6,,,,,
214,"טיב טעם - ראשל""צ מזרח (ET)- 014",dist_6,,,,,
20,טיב טעם  - רחובות (ET) - 018,dist_6,,,,,
507,טיב טעם - רמת אפעל-088,dist_6,,,,,
495,טיב טעם - רמת החייל (ET) -019,dist_6,,,,,
60,טיב טעם - רעננה - דלי 051,dist_6,,,,,
540,טייב שלומי ! + בומבה בורגר,dist_6,,,,,
346,טיק טאק ! + דן אלמוג,dist_6,,,,,
387,טל עולם הגלידה ! + בביליאן נפתלי טל,dist_6,,,,,
363,"ט.נ.ה מאירוביץ בע""מ ! +",dist_6,,,,,
1197,טרי בריא ! + איתי פאר,dist_6,,,,,
1032,"טריקס גליל ים בע""מ ! + (סונול אילוש 262)",dist_6,,,,,
307,"ט.ש שיווק וקלייה בע""מ ! + (הקולה מבגדד)",dist_6,,,,,
65,"יאלי בשכונה בע""מ ! + אייל וכרמית דגמי",dist_6,,,,,
81,"י.א מלכה ארז מרקט בע""מ@ארז עזרא מלכה+יוסי בן סימון",dist_6,,,,,
1162,"י.א.תאתי בע""מ ! + (הירשפלד)",dist_6,,,,,
350,"י.א.תאתי בע""מ ! +(הירשפלד)",dist_6,,,,,
935,"י.ב.מ ניהול מרכולים והשקעות בע""מ ! + Supersix",dist_6,,,,,
117,י.ד אריאל השקעות בע''מ ! +,dist_6,,,,,
514,"י.ד.י כהן בע""מ ! +",dist_6,,,,,
16,"י.ד.עידה בע""מ ^ (לקוח)",dist_6,,,,,
211,"יהב את גולדנברג פתרונות ויזמות בע""מ ! + (החמניה)",dist_6,,,,,
1165,יהוד העצמאות - מיכאל גורלנד (מנטה יהוד 358) -,dist_6,,,,,
1186,"יוניגיל קמעונאות בע""מ ! +",dist_6,,,,,
254,יוסף רחמן ! +,dist_6,,,,,
448,"י.ו. קובי ממתקים בע""מ ! + (נעימי)",dist_6,,,,,
894,"יורם בן הרוש שיווק מוצרי איכות בע""מ ! +",dist_6,,,,,
1144,ייעלים חנות נוחות @ - ארביב יעל (חנות גלידות),dist_6,,,,,
928,"י.י. פלטיניום בע""מ ! +",dist_6,,,,,
1006,ילו- אורות 390,dist_6,,,,,
1221,"ילו- איצטדיון ב""ש 620",dist_6,,,,,
756,"ילו- איצטדיון כ""ס 235",dist_6,,,,,
813,ילו- אלישמע 270,dist_6,,,,,
1004,ילו- אלנבי 530,dist_6,,,,,
1039,ילו- אפק החדשה 426,dist_6,,,,,
1028,ילו- אפרידר אשקלון 534,dist_6,,,,,
790,"ילו- אצטדיון - פ""ת 208",dist_6,,,,,
811,ילו- אקסודוס 536,dist_6,,,,,
976,ילו- אריאל 275,dist_6,,,,,
1026,ילו- אשדוד עיר 138,dist_6,,,,,
1042,"ילו- אשירה ניהול בע""מ 613 הנשיאים",dist_6,,,,,
755,ילו- אשכול 614,dist_6,,,,,
751,ילו- אשל הרצליה 135,dist_6,,,,,
808,ילו- אשקלון דוד 166,dist_6,,,,,
1043,ילו- אשקלון דרום 543,dist_6,,,,,
1163,ילו- באר-שבע מרכז 602,dist_6,,,,,
979,ילו- באר-שבע צפון 601,dist_6,,,,,
827,ילו- בחן 222,dist_6,,,,,
855,ילו- ביאליק 330,dist_6,,,,,
764,ילו- בית יצחק 375,dist_6,,,,,
842,ילו- בית מור 245,dist_6,,,,,
987,ילו- בית קמה 629,dist_6,,,,,
796,ילו- בית שמש 518,dist_6,,,,,
777,ילו- בנימינה 303,dist_6,,,,,
834,ילו- ברורים 191,dist_6,,,,,
843,ילו- בת גלים 323,dist_6,,,,,
1033,ילו- ג'דיידה מכר 408,dist_6,,,,,
1036,ילו- גדרה 633,dist_6,,,,,
1157,ילו- גיא עירון 325,dist_6,,,,,
757,"ילו- גשר האר""י 256",dist_6,,,,,
779,ילו- דוד ערד 627,dist_6,,,,,
810,ילו- דימונה 607,dist_6,,,,,
837,ילו- דרך המנהרות 542,dist_6,,,,,
762,ילו- הדסים 254,dist_6,,,,,
807,ילו- הוד השרון 144,dist_6,,,,,
797,ילו- היוגב 366,dist_6,,,,,
791,ילו- הירקון 112,dist_6,,,,,
1034,ילו- המלך דוד 502,dist_6,,,,,
978,ילו- הנופר 241,dist_6,,,,,
1016,ילו- הסיירים 108,dist_6,,,,,
776,ילו- השלום 158,dist_6,,,,,
835,ילו- השקמה 632,dist_6,,,,,
826,ילו- זיו און (הטייסים) 111,dist_6,,,,,
1025,ילו- זך 324,dist_6,,,,,
969,ילו- חגור 213,dist_6,,,,,
829,ילו- חדרה 308,dist_6,,,,,
980,ילו- חולון 114,dist_6,,,,,
990,ילו- חוף הכרמל 333,dist_6,,,,,
767,ילו- חופית 342,dist_6,,,,,
848,ילו- טבעון 326,dist_6,,,,,
1015,ילו- טבריה עיר 322 (אלחדיף),dist_6,,,,,
759,ילו- טופז 179,dist_6,,,,,
1023,ילו- טירה  116,dist_6,,,,,
992,ילו- טל הגשר 109,dist_6,,,,,
982,ילו- טל - עופרה 214,dist_6,,,,,
763,ילו- יבנה הירוקה 274,dist_6,,,,,
765,ילו יהוד 257,dist_6,,,,,
840,ילו- יזרעאליה 353,dist_6,,,,,
1150,ילו- יסמין 420,dist_6,,,,,
859,ילו- יפעת 345,dist_6,,,,,
1017,ילו- יקנעם 368,dist_6,,,,,
1038,ילו- ירכא 433,dist_6,,,,,
1003,ילו- ירמיהו 161,dist_6,,,,,
864,ילו- כוכב יאיר 238,dist_6,,,,,
850,ילו- כורדני 432,dist_6,,,,,
968,ילו- כפר יאסיף 407,dist_6,,,,,
854,ילו- כרכור 312,dist_6,,,,,
983,ילו- כרמי 603,dist_6,,,,,
844,ילו- כרמיאל דרור 424,dist_6,,,,,
863,ילו- לב המפרץ 392,dist_6,,,,,
836,ילו- לוד ויסוצקי 252,dist_6,,,,,
824,ילו- לשם אילת 610,dist_6,,,,,
860,ילו- מאכר 360,dist_6,,,,,
984,"ילו- מבואות ב""ש 626",dist_6,,,,,
1037,ילו- מבואות נצרת 429,dist_6,,,,,
1002,ילו- מבוא עתלית 418,dist_6,,,,,
1035,ילו- מבשרת 526,dist_6,,,,,
853,ילו- מגדל העמק 415,dist_6,,,,,
1013,ילו- מודיעין 253,dist_6,,,,,
795,ילו- מודיעין הראל 263,dist_6,,,,,
851,ילו- מוזיאון 531,dist_6,,,,,
845,ילו- מויאל 218,dist_6,,,,,
856,ילו- מנדלבאום 513,dist_6,,,,,
973,"ילו- מנחם ראשל""צ 195",dist_6,,,,,
799,ילו- מסילת ציון 528,dist_6,,,,,
832,ילו- מעלות 372,dist_6,,,,,
825,ילו-  מצפה אביב 410,dist_6,,,,,
1014,ילו- מצפה גולן 352,dist_6,,,,,
986,ילו- מצפה טורעאן 413,dist_6,,,,,
812,ילו- מצפה רמון 6109,dist_6,,,,,
1217,ילו- נאות מדבר 605,dist_6,,,,,
1007,ילו- נהריה 316,dist_6,,,,,
849,ילו- נהריה לוחמי הגטאות 427,dist_6,,,,,
788,ילו- נוה עוז 236 איתן רייזר,dist_6,,,,,
754,ילו- נורדיה 348,dist_6,,,,,
792,ילו- נחלת יהודה 212,dist_6,,,,,
1170,ילו- נתיבות החדשה 612,dist_6,,,,,
977,ילו- סביון 132,dist_6,,,,,
1005,ילו- סולם צור 362,dist_6,,,,,
858,ילו- סופרלנד 265,dist_6,,,,,
1139,ילו- סילבר 210,dist_6,,,,,
815,ילו- עבדת 611,dist_6,,,,,
1024,ילו- עד הלום 193,dist_6,,,,,
831,ילו- עוז נתניה עוזנת 341,dist_6,,,,,
1214,ילו- עוז - רמת גן 160,dist_6,,,,,
761,ילו- עין ורד 246,dist_6,,,,,
833,ילו- עין חצבה 609,dist_6,,,,,
991,ילו- עיר הרצליה  113,dist_6,,,,,
1044,ילו- עלית רמת גן 133,dist_6,,,,,
814,ילו- עפולה עיר 302,dist_6,,,,,
752,ילו- פז אור יהודה 261,dist_6,,,,,
972,ילו- פז אלוף שדה 151,dist_6,,,,,
975,ילו- פז גילי (שדרות נים) 267,dist_6,,,,,
828,ילו- פז קריית עקרון 260,dist_6,,,,,
865,ילו- פתח תקוה צפון 123,dist_6,,,,,
985,ילו- צבר 121,dist_6,,,,,
798,ילו- צומת כח 430,dist_6,,,,,
970,ילו- צומת נתניה 340,dist_6,,,,,
862,ילו- צמח 343,dist_6,,,,,
760,ילו- קדימה 184,dist_6,,,,,
1001,ילו- קיבוץ גלויות 165,dist_6,,,,,
971,ילו- קיסריה 355,dist_6,,,,,
789,ילו- קצרין 428,dist_6,,,,,
838,ילו- קריית אונו 177,dist_6,,,,,
993,ילו- קריית גת 118,dist_6,,,,,
981,ילו- קריית שרת 190,dist_6,,,,,
866,ילו- קרית אריה 202,dist_6,,,,,
830,ילו- קרית הממשלה 604,dist_6,,,,,
839,ילו- קרית מנחם 514,dist_6,,,,,
793,ילו- קרית שמונה 313,dist_6,,,,,
758,ילו- רוממה 335,dist_6,,,,,
766,ילו- רונית 136,dist_6,,,,,
1041,ילו- רכטמן רחובות 242,dist_6,,,,,
841,ילו- רמה רחובות 134,dist_6,,,,,
852,ילו- רמת דניה 506,dist_6,,,,,
974,ילו- רשף יבנה 244,dist_6,,,,,
1149,ילו- שד' בן צבי 173,dist_6,,,,,
794,ילו- שדרות 209,dist_6,,,,,
857,ילו- שואבה 519,dist_6,,,,,
753,ילו-  שוהם 272,dist_6,,,,,
1008,ילו- שוקת 615,dist_6,,,,,
809,ילו- שיאונה 199,dist_6,,,,,
778,ילו- שער הגיא 504,dist_6,,,,,
1027,ילו- שרונים 234,dist_6,,,,,
253,יעקב בנימיני @,dist_6,,,,,
926,"יפעת ל.ע.ע.א מסחר בע""מ ! +",dist_6,,,,,
569,ירדן גלברט ! + (sweet365),dist_6,,,,,
1145,"ירין אלעד ואלמוג השקעות בע""מ ! +(החמניה)",dist_6,,,,,
1195,"ירין ואלעד השקעות בע""מ ! + החמניה",dist_6,,,,,
160,ירמיה איסקוב + ניסן איסקוב ! +,dist_6,,,,,
481,ישתבח ! + ליעד רייפלר,dist_6,,,,,
348,כהן שלומי joopy ! +,dist_6,,,,,
309,"כולבו מכבים בן & נתנאל בע""מ @ - רחמנוב אליעזר",dist_6,,,,,
204,כלבו ברכת השם ! + בן יפתח רונן,dist_6,,,,,
121,"כלבו כרמי יוסף 2 בע""מ סופרמרקט ! + עמוס פטורי",dist_6,,,,,
551,"כלבו כרמי יוסף בע""מ סופרמרקט ! + עמוס פטורי",dist_6,,,,,
34,"כלבו מזון בע""מ סופר ^ @",dist_6,,,,,
43,כלבו מעלה החמישה ^ -משקי הדרום,dist_6,,,,,
412,כלבו קבוצת שילר (משקי דרום)- אופיר ברקן,dist_6,,,,,
5,כלבו קריית ענבים ^ - משקי הדרום,dist_6,,,,,
394,"כריף יזמות וקמונאות בע""מ @ - נתי כריף",dist_6,,,,,
1143,"כרמל עמירה בע""מ ! + אלכרמל סופרמרקט",dist_6,,,,,
516,"לאבלי רשת נוחות בע""מ ! + ""סוויט""",dist_6,,,,,
1135,לאקי קורנר מרקט ! + ברוך וילי מלץ,dist_6,,,,,
237,לב 2000 ! +,dist_6,,,,,
916,לב הגלידה ! + דניאל בירן,dist_6,,,,,
399,"לב פרישמן בע""מ ! +",dist_6,,,,,
17,"לה-בוקרייה בע""מ ! + (מומי) מגוון מלא",dist_6,,,,,
1198,ליאור אקספרס ! + לידור ומאור מלכה,dist_6,,,,,
881,"ליאור גבאי בע""מ ! +",dist_6,,,,,
249,"ליאם ומיאל בע""מ ! +",dist_6,,,,,
250,לידן חנות נחות ! + יורי ברזילייב,dist_6,,,,,
415,"ליה וליה שיווק מזון בע""מ ! +",dist_6,,,,,
959,"ליה וליה שיווק מזון בע""מ ! + (2)",dist_6,,,,,
297,"ליון לשיווק סוכנות גלידות בע""מ ! +",dist_6,,,,,
303,לינוי מרקט ! + ראובן זבולונוב,dist_6,,,,,
872,ליקר סטור ! + אילן ומלך אברמוב,dist_6,,,,,
3,לירון גרינברג ! + (ילו עיר הרצליה),dist_6,,,,,
510,לירון מיליס ! +,dist_6,,,,,
421,לירן אשכנזי (קלוק) ! +,dist_6,,,,,
173,"ל.נ.י פיצוחים ותבלינים בע""מ ! +",dist_6,,,,,
432,"לעד מתוקים בע""מ ! + (סוויט טיים מגוון מלא )",dist_6,,,,,
876,מאור לוריא ! + פרמיום,dist_6,,,,,
923,"מאירוביץ בלמד בע""מ ! +",dist_6,,,,,
272,מאנצ'ס ! + ניסים יצחקוב,dist_6,,,,,
517,"מ.א קשרי מסחר ומועדון ימי בע""מ ! +",dist_6,,,,,
538,"מ.א תאתוש בע""מ ! + גלידוש",dist_6,,,,,
693,"מ.ב פיול בע""מ ! + מג'ד בטחיש",dist_6,,,,,
39,מגה מרקט ! + אחמד מחאג'נה,dist_6,,,,,
29,"מוצרי בשר שורצקי בע""מ ! +",dist_6,,,,,
900,מזרחי אנג'לה ! + (סנאקס כפר סבא),dist_6,,,,,
443,מזרחי חיים ! +,dist_6,,,,,
938,"מ.ח מרכז המזון בע""מ - סניף ירכא",dist_6,,,,,
939,"מ.ח מרכז המזון בע""מ -סניף נצרת עילית",dist_6,,,,,
931,"מחניודה- פיצוחי אדומים בע""מ ! +",dist_6,,,,,
77,מחסני גלידה רעננה ! + אבשלום כהן,dist_6,,,,,
229,מיימון רווה גבה מור רו ! +,dist_6,,,,,
630,מיכאל גורלנד ! + מרכז (מנטה מרקט הסיבים 214)>,dist_6,,,,,
547,"מילק - פיצוחי אדומים בע""מ ! +",dist_6,,,,,
546,מילק- תחנת דלק מעלה אדומים ! +,dist_6,,,,,
127,מיני זול משואה  ! + רועי עלפי ואורן עבאדי,dist_6,,,,,
940,"מיני-כל אמיר בע""מ ! +",dist_6,,,,,
126,"מיני מלחה בע""מ ! + אורן ורועי",dist_6,,,,,
138,מינימרקט א.א ! + אלון כהן,dist_6,,,,,
188,מינימרקט אבי @ - זרוק אבי,dist_6,,,,,
426,מינימרקט אלוניר-,dist_6,,,,,
873,מינימרקט אליהו ! + סבטלנה אורה ורוני פרייב,dist_6,,,,,
417,מינימרקט גבעת כח ! + אלירם מרדכי,dist_6,,,,,
553,מינימרקט דניאל ! + גאי אשר,dist_6,,,,,
308,"מינימרקט האומנים בע""מ 2 @ +",dist_6,,,,,
259,מינימרקט האחים @ - אונרי עטיה,dist_6,,,,,
441,מינימרקט האחים ! + בוסקילה יאיר יעקב,dist_6,,,,,
203,מינימרקט הבימה ! + אלברט וחנה גד,dist_6,,,,,
82,מינימרקט הדר ! + רונן ממן,dist_6,,,,,
405,מינימרקט הוליווד ! + מתוק אלי,dist_6,,,,,
224,מינימרקט הים ! + ניסים אלמקייס,dist_6,,,,,
35,מינימרקט הר אדר ! + יוסי צפתי,dist_6,,,,,
167,מינימרקט השדרה ! + מוטי מעוז,dist_6,,,,,
357,מינימרקט השחר @ - אמסלם שחר ועמרן,dist_6,,,,,
260,מינימרקט השכונה ! + עיסאוי סברי,dist_6,,,,,
482,מיני מרקט השכונה ! + שמעון נחשונוב,dist_6,,,,,
262,"מיני מרקט זול עדן בע""מ @",dist_6,,,,,
941,מינימרקט זיתן ! + עליזה וליאור בן יפתח,dist_6,,,,,
310,מינימרקט חזי ! +,dist_6,,,,,
24,מיני מרקט טנגיר ! + דניאל ואברהם אבודרהם,dist_6,,,,,
450,מינימרקט יוסי לוי ! +,dist_6,,,,,
356,מינימרקט יעקב עמוס ! +,dist_6,,,,,
885,מינימרקט מאנה ! + רני נורפשאן,dist_6,,,,,
245,"מינימרקט מ.מ בע""מ ! +",dist_6,,,,,
1187,מינימרקט מנוחה ! + שניר ברדה,dist_6,,,,,
458,מינימרקט נאות יצחק ! + זבידה ופיראס סוהד,dist_6,,,,,
914,מינימרקט סמי רחובות ! + שמואל סורול,dist_6,,,,,
1175,"מיני מרקט עדי 2025 בע""מ ! +",dist_6,,,,,
1136,מינימרקט צדוק @ בצלאל צדוק,dist_6,,,,,
306,מינימרקט רמו ! + אביגיל סילורה,dist_6,,,,,
261,מינימרקט שחר @ - שחר סופר,dist_6,,,,,
87,מינימרקט שי ודרור @ (המרכז),dist_6,,,,,
247,מינימרקט שירלי ! +,dist_6,,,,,
129,מינימרקט שעפאת -(חדש),dist_6,,,,,
353,מינימרקט שפירא ! + אלי חן,dist_6,,,,,
418,"מינימרקט שרמייסטר בע""מ @ - יעקב שרמייסטר",dist_6,,,,,
315,מיקי מרקט ! + מיקי ופנחס מנשרוב,dist_6,,,,,
905,מישמיש ! + סינדי לוי צדקני,dist_6,,,,,
233,מישמש רעננה ! + חיים פינגס וצח צדקני,dist_6,,,,,
226,מישמש רעננה ! + (מרכז) חיים פינגס וצח צדקני,dist_6,,,,,
948,מכולת בשכונה ! + אהרון עבודי,dist_6,,,,,
36,מכולת הכיכר ! + שלום ברדה,dist_6,,,,,
79,מכולת ועקנין ! +,dist_6,,,,,
359,מכולת חיים (נון סטופ ) ! + שמחל איסחרוב,dist_6,,,,,
522,מכולת נור ! + נור ריחאן,dist_6,,,,,
189,מכולת סונדוס - (ג'בל מוכבר),dist_6,,,,,
518,מכולת ספיר ! + שמשון ספיר,dist_6,,,,,
884,מכולת שבת החדשה ! + סועד שבת,dist_6,,,,,
97,"מלך הממתקים באר שבע בע""מ @ - שאול לביא (ביג)",dist_6,,,,,
532,מלכה מוצרי מזון ! + אליהו מלכה,dist_6,,,,,
4,"מ.מ. אבני החושן בע""מ ! +",dist_6,,,,,
960,"מ.מ.ש אור שיווק בע""מ ! +(סופר בונוס) עץ אפריים 015",dist_6,,,,,
554,"מ.מ.ש אור שיווק בע""מ ! +(סופר בונוס) רמת גן 017",dist_6,,,,,
1156,"מ.מ.ש אור שיווק בע""מ ! +(סופר בונוס) רמת השרון 002",dist_6,,,,,
207,"ממתקי אבי כרמונה בע""מ ! + (סבן אקספרס)",dist_6,,,,,
278,"ממתקי אלי בישלה בע""מ ! +",dist_6,,,,,
205,ממתקי דודו אופקים @ - תומר אזרן,dist_6,,,,,
1153,"ממתקי המלך ! + שרון,עליזה ואור (מרכז)",dist_6,,,,,
187,ממתקי הנשיא ! + עזורי שחר,dist_6,,,,,
146,"ממתקי הקאנטרי מבשרת ציון בע""מ ! + (סוויטיים מלא)",dist_6,,,,,
944,"ממתקי השלושה בע""מ - מעלה אדומים",dist_6,,,,,
442,"ממתקי זכרון בע""מ ! +",dist_6,,,,,
472,ממתקי יוסף ! + דורון דזנאשוילי,dist_6,,,,,
393,"ממתקים ברכבת בע""מ ! +",dist_6,,,,,
536,"ממתקים ומסיבות בע""מ ! + קיוסק אלנבי 60",dist_6,,,,,
1000,מנטה הגביש 303 ! + איריס אשהיים דניאל (ברכת חנון),dist_6,,,,,
672,מנטה רמת השרון 067 ! + מיכל זליבנסקי (מרקט) >,dist_6,,,,,
1219,"מ.ס על הדרך בע""מ ! +",dist_6,,,,,
903,"מעבר למצופה בע""מ @ - יוסי סלומון",dist_6,,,,,
274,מעדניית החברים ! +,dist_6,,,,,
128,מערוף אמבייד ! +,dist_6,,,,,
502,מפגש חי ! + לוי גבריאל,dist_6,,,,,
360,"מפגש להבים בע""מ ! +",dist_6,,,,,
927,מפגש נש נש ! + בן דוד אוהד,dist_6,,,,,
191,מפגש סיני ! + בני לוי,dist_6,,,,,
548,מרכולית בשדרה ! + עדי ואננה,dist_6,,,,,
183,מרכז הגלידות ! + ביטון אברהם (גן יבנה),dist_6,,,,,
1177,מרכז הגלידות ! + ביטון אברהם (קריית מלאכי),dist_6,,,,,
137,מרכז הממתקים ! + לוי שירן,dist_6,,,,,
1189,"מרכז השייקים של סחוט בע""מ ! +",dist_6,,,,,
159,מרכז סעיד למזון ! + סעיד קאסם חלבי,dist_6,,,,,
2,"מרקו פרסקו בע""מ ! +",dist_6,,,,,
125,מרקט אחד העם ! + לירן בחרי,dist_6,,,,,
451,"מרקט אלנקיב ובניו בע""מ ! +",dist_6,,,,,
358,מרקט בכיכר ! + רון עזר,dist_6,,,,,
7,"מרקט הזמיר בע""מ ! + גולן דוסטרה",dist_6,,,,,
566,מרקט הרכבת ! + יונה גרובי,dist_6,,,,,
908,מרקט השקדיה ! + נטלי ודוד אשר,dist_6,,,,,
314,"מרקט חובז בע""מ ! + איברהים סאלח",dist_6,,,,,
447,מרקט מילניום ! + ודים ואלישע,dist_6,,,,,
498,"מרקט מרקט אבי בע""מ ! + (מעונות הסטודנטים)",dist_6,,,,,
550,"מ.ר רזון בע""מ ! +",dist_6,,,,,
539,משה שיווק ! + משה אבקסיס (דהן גלידות),dist_6,,,,,
63,"משק מלכה שדה יצחק בע""מ ! +",dist_6,,,,,
1205,מתוקא ! + יניר סויסה וכפיר פחימה,dist_6,,,,,
96,מתוק בכפר @ - שי טל,dist_6,,,,,
505,מתוק בעצמאות ! + רפאל גבריאלוב,dist_6,,,,,
142,"מתוק בשוק הכרמל בע""מ @",dist_6,,,,,
143,"מתוק בשוק הכרמל בע""מ סופר @",dist_6,,,,,
380,"מתוק וזול בע""מ ! +",dist_6,,,,,
232,מתוקיס ! + ליעד חלדאר כהן,dist_6,,,,,
345,מתוק לרגע ! + שי זרבאילוב,dist_6,,,,,
100,"מתוק שוק הוד השרון בע""מ ! +",dist_6,,,,,
678,"מתניה בנימין השקעות בע""מ ! + סיטי מרקט הברזל 901",dist_6,,,,,
880,נאטור חיר ! +,dist_6,,,,,
410,נאמן ! + נאמן יובל,dist_6,,,,,
225,"נגה עלמה קמעונאות 2025 בע""מ ! +",dist_6,,,,,
1131,"נדב שושן בע""מ ! + נדב שושן",dist_6,,,,,
524,"נומינה סולארה בע""מ ! +",dist_6,,,,,
316,"נועה ושיר פיצוחים ותבלינים בע""מ ! + (קליית יבגי )",dist_6,,,,,
113,נחום ינון ! + (סנאקס),dist_6,,,,,
478,"ניו מרקט יובל בע""מ ! +",dist_6,,,,,
543,"ניין מרקט קמעונאות ומסחר בע""מ ! +",dist_6,,,,,
910,"נס מרקט ניהול מרכולים בע""מ ! +",dist_6,,,,,
555,"נ.ע אמברם השקעות בע""מ ! +",dist_6,,,,,
281,"נ.ע סוויטיים ממתקים קניון הזהב בע""מ ! +",dist_6,,,,,
419,"נתינה באהבה בע""מ @ - נתי בן זיקרי",dist_6,,,,,
528,סבן אקספרס ! + חגאג בן,dist_6,,,,,
101,סבן אקספרס חדרה ! + אלעד ויואב,dist_6,,,,,
280,סבן אקספרס ! + מודיעין (יוני שמם),dist_6,,,,,
244,סבן אקספרס מרכז מודיעין ! +,dist_6,,,,,
206,סבן אקספרס ! + עדן והבה,dist_6,,,,,
102,סוויט 365 ! + אביגדור דולב,dist_6,,,,,
557,סוויט אנד סאנס ! +,dist_6,,,,,
98,"סוויט דיוטי פרי בע""מ @ - איילת בן נעים",dist_6,,,,,
367,סוויט טיים ביג גלילות ! + (מגוון מלא),dist_6,,,,,
72,סוויטיס ! + אורן ומירב,dist_6,,,,,
919,"סוויט סטוק בע""מ ! +",dist_6,,,,,
175,"סוויט פיקס בע""מ ! +",dist_6,,,,,
251,"סוויט שופ השקעות בע""מ ! +",dist_6,,,,,
430,סויט 365 גן יבנה ! + ישראלי רולנדי,dist_6,,,,,
118,סוכנות רזלי ! + דוד רזלי,dist_6,,,,,
321,סוכריות קופצות ! +,dist_6,,,,,
775,סונול גלבוע 012 ! + אבי וידר,dist_6,,,,,
749,"סונול קרן אור יהודה בע""מ ! + 103",dist_6,,,,,
896,"סופר אופיר בע""מ (המגרסות) ^ + אופיר מיכאל",dist_6,,,,,
535,"סופר אופיר בע""מ (משה) ^ - אופיר מיכאל",dist_6,,,,,
493,סופר במשכית ! + רועי רביע,dist_6,,,,,
181,"סופר ג'וניור מרקט 24 בע""מ ! +",dist_6,,,,,
282,"סופר ג'וניור מרקט 24 בע""מ ! + (מומי) מגוון מלא",dist_6,,,,,
483,סופר גימי ! + אלם קארלס אלווק,dist_6,,,,,
32,"סופר דבש וקינמון בע""מ ! +",dist_6,,,,,
1148,"סופר דיל קמעונאות בע""מ ^מבשרת ציון",dist_6,,,,,
221,סופר דניאל ! + דידו חגי,dist_6,,,,,
468,"סופר דקל בע""מ ! + אורי ועידו",dist_6,,,,,
913,"סופר הארבעה בע""מ ! +",dist_6,,,,,
949,"סופר החמניה פרפר ח.ד.ש בע""מ ! +",dist_6,,,,,
222,סופר זול אקספרס ! + אבידן סלע,dist_6,,,,,
263,סופר זול היובל ! + שלום בן ישעיה,dist_6,,,,,
1178,סופר זול מוטי ! + מרדכי אהרון,dist_6,,,,,
512,"סופר חי מעגלים בע""מ ! +",dist_6,,,,,
527,"סופר טוב הנר מזון בע""מ 2 -רוני כהן",dist_6,,,,,
556,"סופר טעם ושפע בע""מ ! +",dist_6,,,,,
177,סופר יבגי ! + מנדיץ דמיטרי,dist_6,,,,,
492,"סופר יד אליהו בע""מ ! +",dist_6,,,,,
570,"סופר יהודה שיר בע""מ ! + יהודה חיוט",dist_6,,,,,
694,סופר יודה - אבן גבירול 212,dist_6,,,,,
666,סופר יודה - אבן יהודה 235,dist_6,,,,,
662,סופר יודה -אינשטיין 209,dist_6,,,,,
606,סופר יודה -אלנבי 202,dist_6,,,,,
663,סופר יודה - בארט 211,dist_6,,,,,
638,סופר יודה - בוגרשוב 201,dist_6,,,,,
636,סופר יודה -בית אלעל 213,dist_6,,,,,
637,סופר יודה- בן ציון  208,dist_6,,,,,
669,סופר יודה - געש פתח תקווה  237,dist_6,,,,,
685,סופר יודה - דיזינגוף 100 215,dist_6,,,,,
680,סופר יודה- דיזינגוף 206,dist_6,,,,,
703,"סופר יודה - המשתלה ת""א  216",dist_6,,,,,
608,סופר יודה - הרצליה 232,dist_6,,,,,
667,"סופר יודה - הרצל ת""א 204",dist_6,,,,,
686,"סופר יודה - התזמורת ראשל""צ 231",dist_6,,,,,
665,סופר יודה - חולון 230,dist_6,,,,,
681,סופר יודה - יהודה המכבי 210,dist_6,,,,,
679,סופר יודה- ישעיהו (פינת ירמיהו) 205,dist_6,,,,,
657,סופר יודה - כיכר רבין  217,dist_6,,,,,
1169,"סופר יודה - נווה אביבים ת""א 218",dist_6,,,,,
729,סופר יודה -נוריות 238,dist_6,,,,,
664,סופר יודה - נחלת בנימין 203,dist_6,,,,,
1012,סופר יודה -סביון 241,dist_6,,,,,
607,סופר יודה - פינסקר 214,dist_6,,,,,
668,סופר יודה - צור יצחק 236,dist_6,,,,,
635,סופר יודה- ריינרס 207,dist_6,,,,,
639,סופר יודה - רמת השרון 233,dist_6,,,,,
377,סופר יוספטל ! + לירן צרקצי,dist_6,,,,,
912,"סופר מחיר ש.ע בע""מ ! +",dist_6,,,,,
8,סופר ממילא ! + גדעון סיבוני,dist_6,,,,,
391,"סופר מנחם בע""מ @",dist_6,,,,,
318,"סופרמרקט ב.פ. יוסף(אור יהודה) בע""מ ! +",dist_6,,,,,
1218,"סופרמרקט ב.פ. יוסף(לוד) בע""מ ! +",dist_6,,,,,
549,סופרמרקט דוד המלך ! + סביר ואירינה סדיקוב,dist_6,,,,,
364,"סופר מרקט הכיכר גוטמן 1985 בע""מ ! +",dist_6,,,,,
390,סופרמרקט וממתקי ג'עפר -,dist_6,,,,,
243,"סופר מתי בע""מ ! +",dist_6,,,,,
511,סופר נאות רבין ! + מרדכי גבריאל,dist_6,,,,,
76,"סופר סטור פ.ש. בע""מ ! +",dist_6,,,,,
452,"סופר עמק רפאים בע""מ ! +",dist_6,,,,,
961,סופר - קמפוס @ - אלקיים אלי,dist_6,,,,,
131,"סופר רוטשילד פ""ת ! +",dist_6,,,,,
542,סופר רמבם ! + גלזר יהושע,dist_6,,,,,
1188,"סופר רפאל איתן בע""מ @ + קרית אונו (מרכז)",dist_6,,,,,
192,סופר שהם (שהם אקספרס מרקט) @ -אורן נחום,dist_6,,,,,
464,"סופר שירוקו בע""מ ! + הלל שמש",dist_6,,,,,
78,סופר שקף ! + מידן גואטה חיים,dist_6,,,,,
231,"סופר שרת ב""ה בע""מ ! +",dist_6,,,,,
413,סורקיס עדנה ! +,dist_6,,,,,
559,סטופ אנד שופ ! + גסאן גועבה,dist_6,,,,,
574,סיגרטה ! + אביבית ושי עבדי,dist_6,,,,,
312,סיטונאות שלמה חיים ! + שלמה חיים ארונוב,dist_6,,,,,
106,"סיטי מרקט אצ""ל בע""מ @",dist_6,,,,,
55,"סיטי מרקט ארגמן בע""מ ! +",dist_6,,,,,
545,"סיטי מרקט באר יעקב בע""מ ! +",dist_6,,,,,
47,"סיטי מרקט בכיכר חולון בע""מ ! +",dist_6,,,,,
906,"סיטי מרקט ברכאל חולון בע""מ @",dist_6,,,,,
149,"סיטי מרקט גבעתיים בע""מ ! +",dist_6,,,,,
210,"סיטי מרקט גבעתיים בע""מ (3) ! +",dist_6,,,,,
332,"סיטי מרקט הנשיאים בע""מ ! +",dist_6,,,,,
582,סיטי מרקט השדרה חולון בע''מ @,dist_6,,,,,
49,"סיטי מרקט התומר בע""מ ! +",dist_6,,,,,
46,"סיטי מרקט ולנטינו חולון בע""מ ! +",dist_6,,,,,
51,"סיטי מרקט טאוור בע""מ @",dist_6,,,,,
369,"סיטי מרקט יבנה מוריס צור קמעונאות בע""מ ! +",dist_6,,,,,
1181,"סיטי מרקט יוסי אנד גבי בע""מ ! +",dist_6,,,,,
52,"סיטי מרקט י.ח.ר ההסתדרות חולון בע""מ@חזי יוסף רביטל",dist_6,,,,,
433,"סיטי מרקט י.נ.ג.ב ראשון לציון בע""מ @",dist_6,,,,,
48,"סיטי מרקט כיכר סטורמה בע""מ ! + (סוקלוב 3 חולון)",dist_6,,,,,
897,"סיטי מרקט כפר סבא בע""מ ! +",dist_6,,,,,
104,"סיטי מרקט כרמי גת בע""מ ! +",dist_6,,,,,
53,"סיטי מרקט מח""ל תל אביב בע""מ ! +",dist_6,,,,,
1192,"סיטי מרקט נרקיסים בע""מ ! +",dist_6,,,,,
331,"סיטי מרקט סוקולוב בע""מ ! +",dist_6,,,,,
18,"סיטי מרקט עדן טאוור בע""מ ! +",dist_6,,,,,
208,"סיטי מרקט עין גנים בע""מ ! +",dist_6,,,,,
1203,"סיטי מרקט פיכמן בע""מ ! +",dist_6,,,,,
54,סיטי מרקט פינה מתוקה חולון ! +,dist_6,,,,,
148,"סיטי מרקט פרדס חנה כרכור בע""מ ! +",dist_6,,,,,
45,"סיטי מרקט פרמיום בע""מ ! + (אשדוד)",dist_6,,,,,
105,"סיטי מרקט פרמיום בע""מ ! + מרכז",dist_6,,,,,
283,"סיטי מרקט פשפשים בע""מ ! + (אשדוד)",dist_6,,,,,
494,"סיטי מרקט קריית אונו בע""מ ! + (רמלה)",dist_6,,,,,
209,"סיטי מרקט רוטשילד בע""מ ! +",dist_6,,,,,
50,סיטי מרקט שנקר ! + חולון (ויצמן 45),dist_6,,,,,
907,"סיטי מרקט תל כביר בע""מ ! +",dist_6,,,,,
333,"סיטי צפריר בע""מ ! +",dist_6,,,,,
284,"סיטי צפריר בע""מ ! + (סיטי מרקט)",dist_6,,,,,
368,"סיטי צפריר בת ים (ש.ג.א) בע""מ ! +",dist_6,,,,,
427,"סל המושבה הגרמנית ירושלים 2024 בע""מ ! +(מלחה)",dist_6,,,,,
276,"סל המושבה הגרמנית ירושלים 2024 בע""מ ! +(מרכז)",dist_6,,,,,
38,סלקטד ! + דורון שוורצמן,dist_6,,,,,
416,"סמואל סופר אמריקה בע""מ ! +",dist_6,,,,,
952,"סמי סומך תחנת תדלוק מעוז ציון (החוצבים 10) בע""מ!+",dist_6,,,,,
144,סנקס SNAX ! + חיים מזרחי (סבן אקספרס),dist_6,,,,,
953,"ס.ע.א מוצרי מזון כוכב השרון בע""מ ! +",dist_6,,,,,
951,"ספיד בראשית 2010 בע""מ ! +",dist_6,,,,,
733,"ספרינט מוטורוס  בע""מ עירון 004 (מרקט)",dist_6,,,,,
702,ספרינט מוטורס בעמ המכבים 073 (מרקט),dist_6,,,,,
823,ספרינט מוטורס בעמ העיר אילת 154 (מרקט),dist_6,,,,,
708,ספרינט מוטורס בעמ זכרון יעקב 026,dist_6,,,,,
705,ספרינט מוטורס בעמ יגור 266 (מרקט),dist_6,,,,,
1208,ספרינט מוטורס בעמ לב היהלום 310 (מרקט),dist_6,,,,,
707,ספרינט מוטורס בעמ מגדל העמק 017 (מרקט),dist_6,,,,,
697,ספרינט מוטורס בעמ מפגש העמק 016 (מרקט),dist_6,,,,,
709,ספרינט מוטורס בעמ מפגש עדה 027 (מרקט),dist_6,,,,,
966,ספרינט מוטורס בעמ מצדה 159 (מרקט),dist_6,,,,,
1138,ספרינט מוטורס בעמ משגב 121 (מרקט),dist_6,,,,,
706,"ספרינט מוטורס בע""מ- סיטי מרקט  מוהליבר 902",dist_6,,,,,
988,ספרינט מוטורס בעמ פלוגות 088 (מרקט),dist_6,,,,,
691,ספרינט מוטורס בעמ צומת גולני 044 (מרקט),dist_6,,,,,
1011,ספרינט מוטורס בעמ צומת שמשון 138 (מרקט),dist_6,,,,,
710,ספרינט מוטורס בעמ קוממיות 098 (מרקט),dist_6,,,,,
989,ספרינט מוטורס בעמ קריית גת 269 (מרקט),dist_6,,,,,
967,ספרינט מוטורס בעמ ראש פינה (כוכב הצפון)281 (מרקט),dist_6,,,,,
509,"ס.קוברו בע""מ ! + (לילי ונילי)",dist_6,,,,,
258,"ס.ר.כ.ד שיווק בע""מ ! +",dist_6,,,,,
561,"ע.א.ו.א ממתקים בע""מ ! + מוחמד אבו רמדאן",dist_6,,,,,
411,עד אחרי חצות ! + ויקטור גלמן,dist_6,,,,,
299,"עודרון גם קפה ברעננה בע""מ ! +",dist_6,,,,,
139,עוודאללה סאלח ! +,dist_6,,,,,
227,"עוזי מרקט סופרים בע""מ ! +",dist_6,,,,,
240,עולם הממתקים בית לוינשטיין ! + מוטי פניגשטיין,dist_6,,,,,
37,"עולם הממתקים חבילות השי בע""מ ! + ליאור פרסי ושרון",dist_6,,,,,
256,עולם הממתקים קרית יובל ! + דניאל ונתנאל,dist_6,,,,,
673,עומרי בן אור ! + (מנטה יהוד 358) (מרקט),dist_6,,,,,
132,"על המשקל בע""מ @ (קרני שומרון)- עמיחי חלמיש",dist_6,,,,,
198,"ע.ל. ליאו השקעות וניהול בע""מ ! +",dist_6,,,,,
122,"עם הנצח השקעות בע""מ ! + (מגוון מלא)",dist_6,,,,,
743,"עם הנצח השקעות בע""מ ! + (מנטה ג'ו) >",dist_6,,,,,
361,עמאד פריג' ! +,dist_6,,,,,
567,"עמדי ידידי הסופר שלנו בע""מ @ -זית",dist_6,,,,,
330,"ע.מ.ל.ל סיטי מרקט בע""מ ! +",dist_6,,,,,
490,"ע.מ מתוקים בע""מ ! +",dist_6,,,,,
329,"ע.ס השקעות מתוקות 2024 בע""מ ! +",dist_6,,,,,
382,"ע.ר.ח (בלפור) מרקט בעיר טי אל וי בע""מ ! + (חן חדד)",dist_6,,,,,
902,"ע.ר.ח (הרצל) מרקט בעיר טי אל וי בע""מ ! + (חן חדד)",dist_6,,,,,
519,ע.ר.ח (יוספטל) -חן חדד,dist_6,,,,,
544,"ע.ר.ח (פ""ת) מרקט בעיר טי אל וי בע""מ ! + (חן חדד)",dist_6,,,,,
1154,"פוד האוס שאח בע""מ  (ארנסט& יאנג)",dist_6,,,,,
239,פז אלוני ! +,dist_6,,,,,
904,"פילבוקס מ.נ בע""מ @ -  נתי בן זיכרי ומיכאל טננבאום",dist_6,,,,,
513,פינה בלב ! +  אלנבי 114,dist_6,,,,,
515,פינה בלב ! + אלנבי 51,dist_6,,,,,
404,"פינוקי אפיה מודיעין בע""מ ! +",dist_6,,,,,
84,"פינק מרקט י.ע.ר בע""מ ! +",dist_6,,,,,
1146,פינת בוסתן ! + ירון אסף,dist_6,,,,,
578,פינת החי @ - אמיר פרי,dist_6,,,,,
133,פינת החן ! + חסן אלעמלה (נס ציונה),dist_6,,,,,
474,פינת המזל ! + יבגני בליאכר,dist_6,,,,,
475,פינת המזל תל אביב ! + בליאכר דמיטרי,dist_6,,,,,
238,"פיסטוקס בע""מ בית וגן @ (פיצוחי עמדי קרית יובל)",dist_6,,,,,
311,פיסטוק ! + רועי בקאי,dist_6,,,,,
344,"פיצוחי אדומים בע""מ ! +",dist_6,,,,,
564,"פיצוחי אריאל בע""מ ! +",dist_6,,,,,
877,פיצוחי הירדן ! + הרצל שואאי ושי גרישפן,dist_6,,,,,
400,פיצוחי הכיכר ! + אביב מדבדב ולירון ישראל,dist_6,,,,,
180,פיצוחי חממה ! + אידור ואליהו גבריאלי,dist_6,,,,,
196,"פיצוחי מזרחי טבע בנימין בע""מ ! +",dist_6,,,,,
1220,"פיצוחי סיני בע""מ ! + (יפו)",dist_6,,,,,
14,"פיצוחי סיני בע""מ ! +(יפו)",dist_6,,,,,
13,"פיצוחי סיני בת ים בע""מ ! +",dist_6,,,,,
893,פיצוציה ! + עדן עזיזי,dist_6,,,,,
1183,פיצוציית בוגרשוב ! + פאינה ביזאייב,dist_6,,,,,
476,פיצוציית השעון ! + בני גנח,dist_6,,,,,
15,פיצוציית מרלז ! + גיא ואמל,dist_6,,,,,
195,פיצפוצי אביב @ ! + בן ארוש אברהם,dist_6,,,,,
9,"פירות וירקות אבו אמיר בע""מ -",dist_6,,,,,
300,פירות חן שוק החקלאים ! + רפאל ושולה חן,dist_6,,,,,
488,"פלוס מרקט שריגים בע""מ ! + שמואל דיין",dist_6,,,,,
61,"פלורנטין מרקט בע""מ ! +",dist_6,,,,,
473,"פסוליישן שרותי מזון בע""מ @ דודו כהן",dist_6,,,,,
174,"פרדוס החדש מרקט מאפה פירות וירקות בע""מ ! +",dist_6,,,,,
403,פרטי מרקט ! + גלית מגד,dist_6,,,,,
392,פרי דוד ! + ששון צאפאנא,dist_6,,,,,
28,"פריזר שיווק גלידות וארטיקים בע""מ ! +",dist_6,,,,,
431,"פרי שטרק השקעות בע""מ ! + (סוויט טיים מגוון מלא)",dist_6,,,,,
242,"פרנקולידה ! + עידן,אברהם והלל (מרכז)",dist_6,,,,,
349,פרנק חנויות נוחות ! + פרנק דניאל,dist_6,,,,,
41,"פשפש השקעות בע""מ ! +",dist_6,,,,,
945,"צוסחא מרקט בע""מ (סטור פלוס) -כפר כמא",dist_6,,,,,
572,"צוסחא מרקט בע""מ (סטור פלוס) -כפר תבור",dist_6,,,,,
376,ציפ מרקט ! +  עינת ציפרוט,dist_6,,,,,
489,"צרכניוש בע""מ הר ברכה @",dist_6,,,,,
950,צרכניית גינתון @ - שלום סידי,dist_6,,,,,
420,צרכניית קידרון ! + סימון סבג,dist_6,,,,,
112,"צרכנית הגוש בע""מ ! +",dist_6,,,,,
163,"צרכנית הדר עם בע""מ ! +",dist_6,,,,,
1202,קאיה סופר מרקט ! + אלנור אדם מוחמד עבדאללה,dist_6,,,,,
287,"קבבצ'י מאיר ובניו בע""מ ^",dist_6,,,,,
422,"קבוצת ממן אילת בע""מ ! + יוחנן ממן",dist_6,,,,,
294,"קובי יצחק חברה בע""מ ! + יצחק אביב",dist_6,,,,,
230,קוביס ! + יעקב פוליקר (בת ים),dist_6,,,,,
575,קונדו מרקט ! + רייטן יעקב,dist_6,,,,,
103,"קונספט חנויות ממתקים בע""מ ! + (סוויטיים) מגוון מלא",dist_6,,,,,
454,קופי טיים חולון @ - קיריל אשורוב,dist_6,,,,,
267,קופי טיים קינג ג'ורג' ! +,dist_6,,,,,
171,קופי שופ ! + אלעד חן,dist_6,,,,,
1164,"קופ מרקטפלייס בע""מ ! + (מנטה יבנה 190)",dist_6,,,,,
965,"קופ מרקטפלייס בע""מ (מנטה יבנה 190) -",dist_6,,,,,
365,קיבוץ בית ניר ^ - משקי הדרום,dist_6,,,,,
504,"קיו מינימרקט בע""מ ! +",dist_6,,,,,
124,קיוסק ! + אופק דן ועינת הולנדר,dist_6,,,,,
265,קיוסק אסרף ! + איציק אסרף,dist_6,,,,,
266,קיוסק ארבע עונות ! + יקותיאלוב שושנה,dist_6,,,,,
384,קיוסק בא לי ! +ביטון משה נתנאל,dist_6,,,,,
141,"קיוסק גבעתיים בע""מ ! +",dist_6,,,,,
521,"קיוסק הלחי 2 בע""מ ! +",dist_6,,,,,
455,קיוסק השלום ! + רפאל יצחקוב,dist_6,,,,,
423,קיוסק יהושוע ! + חי פקס,dist_6,,,,,
134,"קיוסק יובלים בע""מ ! +",dist_6,,,,,
424,קיוסק כוכב יעקב @ -יהודה רבי,dist_6,,,,,
354,קיוסק לב הנמל ! + אהרון יצחק,dist_6,,,,,
268,קיוסק קונדל ! + יחזקאל חזי מועלם,dist_6,,,,,
257,"קינג אגדי השקעות בע""מ ! +",dist_6,,,,,
1176,"קינמון ותמר בע""מ ! +",dist_6,,,,,
293,"קליית בית דגן בע""מ ! +",dist_6,,,,,
402,קליית חממה בבזל ! + רונן זגורי,dist_6,,,,,
878,קליקה ! +,dist_6,,,,,
929,קליק קופי ! + דניאל כהן,dist_6,,,,,
342,"קליק קרמיק בע""מ ! +",dist_6,,,,,
408,קנדי בר ! + גלברט שושנה,dist_6,,,,,
886,"קנדי כרמונה בע""מ ! + אבי ונימרוד",dist_6,,,,,
1179,קנדי לנד אושילנד - קנדילנד אחזקות ! +,dist_6,,,,,
386,קנדילנד ! + דיילי אקספרס- אתי חסון,dist_6,,,,,
887,"קנדי מול בע""מ ! + (דוכן למעלה) לוי גילי",dist_6,,,,,
438,"קנדי פופ צור הדסה בע""מ ! +",dist_6,,,,,
485,"ק.נ מרקט והשקעות בע""מ ! +",dist_6,,,,,
440,"קפאינה בע""מ ! + עומרי פרידמן ושלום יוסף",dist_6,,,,,
503,קפה בן גוריון ! + אור בנימין/ מנשה מני חלאוי,dist_6,,,,,
135,"קפה הל""ה בע""מ @ - אלון אלמליח",dist_6,,,,,
520,"קפה העברית בע""מ ! +",dist_6,,,,,
136,קפה וואן ! + מרדכי לוי,dist_6,,,,,
934,קפה רוברטו @ -יואב אוזן,dist_6,,,,,
89,"קרלו שיווק גלידות בע""מ ! + גבעת שמואל",dist_6,,,,,
88,"קרלו שיווק גלידות בע""מ ! (גני תקווה)",dist_6,,,,,
888,"קרלו שיווק גלידות בע""מ ! + יהוד",dist_6,,,,,
90,"קרלו שיווק גלידות בע""מ ! + קרית אונו",dist_6,,,,,
477,"קשת הפצה בע""מ (בן שמן) ! + אורן שטרית",dist_6,,,,,
660,"ראובן ש.אחזקות בע""מ ! + (מנטה גל נתניה 239)",dist_6,,,,,
12,"ר. איתמרס בע""מ ! +",dist_6,,,,,
1212,ראש פינה מרקט ! + אדם אדם ויאסר עבדאללה,dist_6,,,,,
456,רבני בכיכר ! + פאהד ריבאני,dist_6,,,,,
1180,רד באחוזה ! + ניסים בן עזוז,dist_6,,,,,
425,"רובי שם טוב השקעות בע""מ ! +",dist_6,,,,,
579,רודיס דראגסטור @ - רודי עמר,dist_6,,,,,
469,רויאל שיווק ! + לימור דביר,dist_6,,,,,
44,רוי בוחניק חנות נוחות ! + חדרה (סבן אקספרס),dist_6,,,,,
1173,רון משה ! + (בצל ירוק),dist_6,,,,,
1223,רוני שיווק ! + רוני דעיי,dist_6,,,,,
1166,רוסיה הקטנה ! + סרקיסיאן קאמו,dist_6,,,,,
91,"רז גל (2005) בע""מ ! +",dist_6,,,,,
285,"רז ושחר השקעות בע""מ ! + (החמניה)",dist_6,,,,,
722,"ריחן תדלוק בע""מ ! - גיסין פ""ת 303",dist_6,,,,,
190,"ר.מ וילג' מרקט בע""מ @ - דני רום",dist_6,,,,,
1160,"רק פה זול בע""מ ! +",dist_6,,,,,
172,"ר.ש.ב אילת בע""מ ! +",dist_6,,,,,
501,"שבזי 53 קימעונאות ומסחר בע""מ ! +",dist_6,,,,,
457,"ש.ב ריינבו בע""מ ! +",dist_6,,,,,
325,שדרת הממתקים @ - עגייב יעקב ינקו,dist_6,,,,,
147,"שוורץ ושיש אינווסטמנט בע""מ ! + (2)",dist_6,,,,,
434,"שוורץ ושיש אינווסטמנט בע""מ !+(רשי)(מרכז) (1)",dist_6,,,,,
946,שוורץ ושיש אינווסטמנט (סיטי מרקט),dist_6,,,,,
370,שוורץ ושיש אינווסמנט (סיטי מרקט),dist_6,,,,,
552,שוק הממתקים @- משה לוי ואורן הולנדר,dist_6,,,,,
228,"שוקולד הום בע""מ ! +",dist_6,,,,,
1199,שות מותקלה פרדסייה ! +,dist_6,,,,,
80,ש.ח מתוקים ! + שי חן,dist_6,,,,,
33,"שיא השקעות בע""מ ! +",dist_6,,,,,
437,שיווק ארין ! + עטיה אליהו עמית,dist_6,,,,,
85,שיווק ארין ! + רועי פרז,dist_6,,,,,
943,"שיווק כרמי גת בע""מ ! + (גת מרקט )",dist_6,,,,,
499,שילה והבה ! +,dist_6,,,,,
322,"שלוות המקום בע""מ ! +",dist_6,,,,,
42,שלומי זול ! + אופיר ביטון,dist_6,,,,,
11,"ש.ל.מ אחזקות בע""מ ! +(סופר האחים)",dist_6,,,,,
698,שלמה צברי ! + (סונול קדומים 307),dist_6,,,,,
486,"ש.לשם שיווק מזון בע""מ ! +",dist_6,,,,,
153,"שמחה סמיון השקעות בע""מ ! + (החמניה)",dist_6,,,,,
161,שניה לשבת ! + אדירה כהן פלח,dist_6,,,,,
334,שערי צדק- עולם הממתקים ! +,dist_6,,,,,
279,"שפע ה.י.ל.ה בע""מ ! + רעות עמר",dist_6,,,,,
202,"שפע זול יזמות בע""מ ! +",dist_6,,,,,
930,"שפע מי-טל מהשמיים בע""מ @ - ששי מיטל",dist_6,,,,,
1194,שפע מרקט ! + יוסף חי מיכאלוב,dist_6,,,,,
1184,"ש. ראומה נכסים בע""מ ! +",dist_6,,,,,
879,"ת.אילת השקעות וניהול פרוייקטים בע""מ ! + (עין יהב)",dist_6,,,,,
320,תבליני עזורא (החדש) ! + עמית בר עמי,dist_6,,,,,
1174,"תומר פיטוסי בע""מ ! + טנטרה",dist_6,,,,,
130,"תורג'מן מיכאלי סוכנויות בע""מ ! + סופר הצלחה",dist_6,,,,,
351,תותי פרוטי ! + דרור חיים יצחק (גבעת שמואל),dist_6,,,,,
915,תותי פרוטי ! + דרור חיים יצחק (פתח תקווה),dist_6,,,,,
99,"תחנה מתוקה בע""מ- @ אבי לוי",dist_6,,,,,
30,"ת.י.פ.ס יזמות עסקית ונדל""ן בע""מ ! +",dist_6,,,,,
176,"תמר חוויה של טעם בע""מ ! +",dist_6,,,,,
319,תפארת המזון ! + דיקלה מזרחי,dist_6,,,,,
